sample_id,cd_l1,cd_l2,f_score,f_score_001,f_score_003,f_score_005,f_score_010,f_score_020,f_score_050,accuracy,completeness,observed_region_error,missing_region_cd,normal_consistency,dimension_mae
tless_000001_000001_03,0.7210555076599121,0.5009868741035461,0.00046115450095385313,0.00046115450095385313,0.0019467421807348728,0.005835187621414661,0.0135790491476655,0.04440200701355934,0.32748061418533325,0.6811049580574036,0.03995054215192795,0.013596868142485619,0.03995054215192795,,1.0142885446548462
tless_000001_000003_01,0.9090518951416016,0.5614430904388428,0.0,0.0,0.0,0.0,0.0,0.005807175766676664,0.3028796315193176,0.6936842203140259,0.21536770462989807,0.011865553446114063,0.21536770462989807,,0.8569435477256775
tless_000001_000006_00,0.6365752220153809,0.36283615231513977,0.0,0.0,0.0,0.0009743071859702468,0.004870920442044735,0.03029574453830719,0.4770403504371643,0.575982928276062,0.06059226393699646,0.023620769381523132,0.06059226393699646,,0.7992207407951355
tless_000001_000009_01,0.8854868412017822,0.5712288022041321,0.0,0.0,0.0,0.0,0.0,0.020727474242448807,0.2961730360984802,0.7098598480224609,0.1756269633769989,0.012474593706429005,0.1756269633769989,,0.9007638096809387
tless_000001_000016_03,0.8279192447662354,0.5446481108665466,0.0,0.0,0.0,0.0,0.0009733501356095076,0.02887391671538353,0.2680761218070984,0.703929603099823,0.12398967146873474,0.013176096603274345,0.12398967146873474,,0.975532054901123
tless_000001_000017_00,0.7467642426490784,0.4295126497745514,0.0,0.0,0.0,0.0,0.0004812047118321061,0.005842259153723717,0.3312283456325531,0.6258062720298767,0.12095798552036285,0.03451710194349289,0.12095798552036285,,0.6997098326683044
tless_000001_000018_03,0.8695679903030396,0.5573588013648987,0.0,0.0,0.0,0.0,0.0,0.02029966190457344,0.2603525221347809,0.7055108547210693,0.16405710577964783,0.013317625038325787,0.16405710577964783,,0.9579089283943176
tless_000001_000021_03,0.8201524019241333,0.5399917364120483,0.0,0.0,0.0,0.0,0.0014582748990505934,0.03737422078847885,0.2771819233894348,0.6996608972549438,0.12049147486686707,0.014173180796205997,0.12049147486686707,,0.9638932347297668
tless_000001_000022_03,0.8679696321487427,0.5626482963562012,0.0,0.0,0.0,0.0,0.0,0.024119634181261063,0.2750052511692047,0.7088006734848022,0.15916892886161804,0.014281432144343853,0.15916892886161804,,0.9346268177032471
tless_000001_000023_01,0.8476623892784119,0.5485855340957642,0.0,0.0,0.0,0.0,0.0,0.029822029173374176,0.30988240242004395,0.6988385319709778,0.14882385730743408,0.011743440292775631,0.14882385730743408,,0.954555094242096
tless_000001_000030_02,0.7936711311340332,0.5093072056770325,0.0,0.0,0.0,0.0,0.002918910002335906,0.027450036257505417,0.29758936166763306,0.6828253865242004,0.11084574460983276,0.011559429578483105,0.11084574460983276,,0.8511039614677429
tless_000001_000032_00,0.04104093462228775,0.0012641230132430792,0.17331750690937042,0.17331750690937042,0.8260402679443359,0.958495020866394,0.9977979063987732,0.9998779296875,1.0,0.020739905536174774,0.020301027223467827,0.026300322264432907,0.02048301137983799,,0.07238606363534927
tless_000001_000038_03,0.9242159128189087,0.5919476747512817,0.0,0.0,0.0,0.0,0.0,0.009157269261777401,0.2793530821800232,0.7155091762542725,0.20870672166347504,0.01386552955955267,0.20870672166347504,,0.9105914235115051
tless_000001_000042_02,0.8076141476631165,0.4932348132133484,0.0,0.0,0.0,0.0,0.0,0.039722420275211334,0.3427068591117859,0.6601465344429016,0.14746762812137604,0.010602702386677265,0.14746762812137604,,0.8999329209327698
tless_000001_000043_03,0.8807402849197388,0.5751354098320007,0.0,0.0,0.0,0.0,0.0,0.024596093222498894,0.28977036476135254,0.7128881812095642,0.16785208880901337,0.013857575133442879,0.16785208880901337,,0.920247495174408
tless_000001_000053_03,0.8782179355621338,0.5675451159477234,0.0,0.0,0.0,0.0,0.0,0.023642944172024727,0.2933333218097687,0.7075871825218201,0.17063076794147491,0.013087849132716656,0.17063076794147491,,0.9500701427459717
tless_000001_000056_00,0.5779361724853516,0.31166109442710876,0.0,0.0,0.0004834467836190015,0.0009753642370924354,0.0077821011655032635,0.06335697323083878,0.6344390511512756,0.5253867506980896,0.052549414336681366,0.028378717601299286,0.052549414336681366,,0.7817843556404114
tless_000001_000057_00,0.6806707978248596,0.378120481967926,0.0,0.0,0.0,0.0,0.0029209202621132135,0.029348088428378105,0.48716527223587036,0.5804173350334167,0.10025346279144287,0.023898350074887276,0.10025346279144287,,0.80195552110672
tless_000001_000057_03,0.8124756217002869,0.5440205335617065,0.0,0.0,0.0,0.0,0.0038849913980811834,0.03643336519598961,0.28762543201446533,0.7034051418304443,0.10907048732042313,0.01252584345638752,0.10907048732042313,,0.9572021961212158
tless_000001_000058_00,0.6350118517875671,0.35245266556739807,0.0,0.0,0.0,0.0,0.007297494448721409,0.039722420275211334,0.5326884984970093,0.5620263814926147,0.0729854479432106,0.03603193163871765,0.0729854479432106,,0.7875205874443054
tless_000001_000058_02,0.8764268159866333,0.5520117282867432,0.0,0.0,0.0,0.0,0.0,0.012565257959067822,0.30988240242004395,0.6949893236160278,0.18143750727176666,0.010160425677895546,0.18143750727176666,,0.9134181141853333
tless_000001_000062_00,0.6034438610076904,0.33678898215293884,0.0,0.0,0.00047766644274815917,0.00048800045624375343,0.009234507568180561,0.04486873373389244,0.5488042235374451,0.5516989827156067,0.05174490064382553,0.03252726048231125,0.05174490064382553,,0.7704917788505554
tless_000001_000062_02,0.8788465261459351,0.5434636473655701,0.0,0.0,0.0,0.0,0.0,0.013032956048846245,0.2800755798816681,0.6906313896179199,0.18821512162685394,0.01065230742096901,0.18821512162685394,,0.8677946925163269
tless_000001_000063_00,0.5661311149597168,0.29755282402038574,0.0,0.0,0.0,0.002434676978737116,0.01068479847162962,0.060146816074848175,0.6410086154937744,0.5160344839096069,0.05009666085243225,0.02661384828388691,0.05009666085243225,,0.7499585747718811
tless_000001_000065_00,0.5914908647537231,0.3257997930049896,0.0,0.0,0.0009566326625645161,0.001949193188920617,0.00826647225767374,0.04952380806207657,0.585391104221344,0.54073166847229,0.050759218633174896,0.027835708111524582,0.050759218633174896,,0.7966291308403015
tless_000001_000065_03,0.7946959733963013,0.5283078551292419,0.0,0.0,0.0,0.0,0.008718467317521572,0.041128646582365036,0.2746419608592987,0.696824848651886,0.09787112474441528,0.013399600982666016,0.09787112474441528,,0.991095781326294
tless_000001_000075_00,0.7287904024124146,0.39719948172569275,0.0,0.0,0.0,0.0,0.00047851563431322575,0.010201603174209595,0.3553503453731537,0.6016139388084412,0.127176433801651,0.02663579210639,0.127176433801651,,0.6707930564880371
tless_000001_000076_01,0.9532990455627441,0.588335394859314,0.0,0.0,0.0,0.0,0.0,0.0,0.27754414081573486,0.7035125494003296,0.24978646636009216,0.01121450588107109,0.24978646636009216,,0.7897660136222839
tless_000001_000076_02,0.855051577091217,0.5311925411224365,0.0,0.0,0.0,0.0,0.0,0.024511929601430893,0.29829663038253784,0.6844138503074646,0.17063771188259125,0.010388136841356754,0.17063771188259125,,0.8595373034477234
tless_000001_000077_00,0.6727670431137085,0.3617698550224304,0.0,0.0,0.0,0.0,0.0014628992648795247,0.01550387591123581,0.45404794812202454,0.5751010775566101,0.09766597300767899,0.03273210674524307,0.09766597300767899,,0.6496925950050354
tless_000001_000086_02,0.8288629651069641,0.4603481888771057,0.0,0.0,0.0,0.0,0.0,0.017251089215278625,0.3625824451446533,0.6238211393356323,0.2050418257713318,0.009797252714633942,0.2050418257713318,,0.7636616826057434
tless_000001_000089_02,0.7511571049690247,0.44897976517677307,0.0,0.0,0.0,0.0,0.006771009881049395,0.06289903074502945,0.3599599599838257,0.6320288181304932,0.1191282793879509,0.010627871379256248,0.1191282793879509,,0.8579884171485901
tless_000001_000092_03,0.826413094997406,0.516356348991394,0.0,0.0,0.0,0.0,0.0,0.03643336519598961,0.31162407994270325,0.67655348777771,0.14985959231853485,0.013699624687433243,0.14985959231853485,,0.9233313202857971
tless_000001_000093_03,0.8644388914108276,0.5338158011436462,0.0,0.0,0.0,0.0,0.0,0.0216598529368639,0.30147212743759155,0.6828705072402954,0.18156835436820984,0.0135963661596179,0.18156835436820984,,0.9146111607551575
tless_000001_000095_02,0.742169976234436,0.4769509434700012,0.0,0.0,0.0,0.00048741241334937513,0.017810391262173653,0.06244087219238281,0.3281632661819458,0.6592737436294556,0.08289624750614166,0.012417634949088097,0.08289624750614166,,0.9666538238525391
tless_000001_000097_01,0.8808162212371826,0.5612900853157043,0.0,0.0,0.0,0.0,0.0,0.018809203058481216,0.27245888113975525,0.7036346793174744,0.17718155682086945,0.012598375789821148,0.17718155682086945,,0.9383036494255066
tless_000001_000098_01,0.8964080810546875,0.5660350322723389,0.0,0.0,0.0,0.0,0.0,0.014946280978620052,0.2825995683670044,0.7016148567199707,0.19479325413703918,0.011784747242927551,0.19479325413703918,,0.909710705280304
tless_000001_000101_00,0.9899613857269287,0.5804203748703003,0.0,0.0,0.0,0.0,0.0,0.0,0.14156079292297363,0.6894485950469971,0.30051279067993164,0.029471199959516525,0.30051279067993164,,0.5945387482643127
tless_000001_000103_01,0.8547190427780151,0.5249844789505005,0.0,0.0,0.0,0.0,0.0,0.031088929623365402,0.3199343681335449,0.6771281957626343,0.17759087681770325,0.01321036834269762,0.17759087681770325,,0.9316482543945312
tless_000001_000105_03,0.8989865779876709,0.5719460248947144,0.0,0.0,0.0,0.0,0.0,0.016365092247724533,0.28295955061912537,0.7054620981216431,0.19352450966835022,0.014072728343307972,0.19352450966835022,,0.8839359283447266
tless_000001_000106_02,0.8710498809814453,0.5224489569664001,0.0,0.0,0.0,0.0,0.0,0.009192189201712608,0.31786447763442993,0.6725801229476929,0.19846972823143005,0.012016989290714264,0.19846972823143005,,0.837086021900177
tless_000001_000107_03,0.9153705835342407,0.576928436756134,0.0,0.0,0.0,0.0,0.0,0.0053286803886294365,0.2750052511692047,0.7059839963912964,0.20938657224178314,0.013431493192911148,0.20938657224178314,,0.8587231636047363
tless_000001_000110_00,0.9313651919364929,0.5133417844772339,0.0,0.0,0.0,0.0,0.0,0.0,0.2596133351325989,0.6425971984863281,0.2887679934501648,0.027728116139769554,0.2887679934501648,,0.5657766461372375
tless_000001_000114_01,0.796947717666626,0.47170892357826233,0.0,0.0,0.0,0.0,0.0,0.02792489156126976,0.3247443735599518,0.648016095161438,0.14893163740634918,0.01121948380023241,0.14893163740634918,,0.8562758564949036
tless_000001_000118_01,0.7644307017326355,0.44155603647232056,0.0,0.0,0.0,0.0,0.0004734848625957966,0.04440200701355934,0.3703998327255249,0.6258538365364075,0.13857688009738922,0.011792318895459175,0.13857688009738922,,0.8954437375068665
tless_000001_000230_03,0.853782057762146,0.47459882497787476,0.0,0.0,0.0,0.0,0.0,0.0033883575815707445,0.30568769574165344,0.634230375289917,0.21955165266990662,0.011272297240793705,0.21955165266990662,,0.7536254525184631
tless_000001_000236_00,1.1850543022155762,0.7355828285217285,0.0,0.0,0.0,0.0,0.0,0.0,0.02219635248184204,0.7021617889404297,0.4828925132751465,0.02747061848640442,0.4828925132751465,,0.3961559236049652
tless_000001_000236_02,0.7061361074447632,0.4525648057460785,0.0,0.0,0.0024214275181293488,0.005803393665701151,0.03353181853890419,0.08419083058834076,0.34538477659225464,0.6398040652275085,0.06633202731609344,0.01295496430248022,0.06633202731609344,,0.9102161526679993
tless_000001_000273_02,1.0681204795837402,0.6571620106697083,0.0,0.0,0.0,0.0,0.0,0.0,0.17915092408657074,0.7149397730827332,0.3531807065010071,0.011465445160865784,0.3531807065010071,,0.5741094946861267
tless_000001_000352_02,0.028759878128767014,0.0006201846990734339,0.37781068682670593,0.37781068682670593,0.9365150332450867,0.9863782525062561,0.9997557997703552,1.0,1.0,0.015055043622851372,0.013704834505915642,0.019385386258363724,0.01465789508074522,,0.01991691254079342
tless_000001_000395_00,0.013147580437362194,0.00012466208136174828,0.8374133706092834,0.8374133706092834,0.9969388842582703,1.0,1.0,1.0,1.0,0.006547184661030769,0.006600395776331425,0.035259537398815155,0.006640136707574129,,0.010641406290233135
tless_000001_000412_01,0.03861840069293976,0.0013388056540861726,0.23286938667297363,0.23286938667297363,0.8664433360099792,0.9496216177940369,0.9937354326248169,0.999267041683197,1.0,0.020041735842823982,0.018576662987470627,0.015680279582738876,0.019574139267206192,,0.023416340351104736
tless_000001_000418_01,0.9667215943336487,0.5648634433746338,0.0,0.0,0.0,0.0,0.0,0.0,0.20311471819877625,0.6844263076782227,0.282295286655426,0.011295687407255173,0.282295286655426,,0.6311011910438538
tless_000001_000434_02,1.5729141235351562,1.2382150888442993,0.0,0.0,0.0,0.0,0.0,0.0,0.0,0.7848643660545349,0.7880498170852661,0.020416991785168648,0.7880498170852661,,0.03390928730368614
tless_000001_000442_01,1.6816742420196533,1.415082573890686,0.0,0.0,0.0,0.0,0.0,0.0,0.0,0.83857262134552,0.8431015610694885,0.04154757782816887,0.8431015610694885,,0.035910215228796005
tless_000001_000455_02,1.3411142826080322,0.9005131721496582,0.0,0.0,0.0,0.0,0.0,0.0,0.0,0.6693958640098572,0.6717184782028198,0.009286722168326378,0.6717184782028198,,0.03613853082060814
tless_000001_000483_01,0.012331115081906319,0.00018458499107509851,0.8860424160957336,0.8860424160957336,0.9716294407844543,0.9969388842582703,1.0,1.0,1.0,0.007390176877379417,0.004940938204526901,0.00307219079695642,0.005862798076122999,,0.009741748683154583
tless_000002_000013_00,0.9247428774833679,0.592212975025177,0.0,0.0,0.0,0.0,0.0,0.0014619003050029278,0.29048413038253784,0.714535117149353,0.2102077752351761,0.013548680581152439,0.2102077752351761,,0.9667679667472839
tless_000002_000013_02,1.008681297302246,0.6372930407524109,0.0,0.0,0.0,0.0,0.0,0.0,0.19001325964927673,0.7302905321121216,0.2783908247947693,0.014946411363780499,0.2783908247947693,,1.0810898542404175
tless_000002_000055_02,1.0908284187316895,0.6813511848449707,0.0,0.0,0.0,0.0,0.0,0.0,0.14408700168132782,0.7277299165725708,0.36309850215911865,0.01333458162844181,0.36309850215911865,,1.0242162942886353
tless_000002_000085_00,0.04773463308811188,0.0016157637583091855,0.1086154505610466,0.1086154505610466,0.7485557198524475,0.9582154154777527,0.9980430603027344,0.9990224838256836,1.0,0.024218261241912842,0.023516371846199036,0.013009736314415932,0.02406996488571167,,0.0796721950173378
tless_000002_000092_01,0.9685332775115967,0.6306345462799072,0.0,0.0,0.0,0.0,0.0,0.0003906250058207661,0.2566503584384918,0.7354941964149475,0.23303909599781036,0.010948826558887959,0.23303909599781036,,0.8266895413398743
tless_000002_000113_02,0.06267938762903214,0.0025183968245983124,0.041081491857767105,0.041081491857767105,0.5208771228790283,0.8896785974502563,0.9974299073219299,0.9995114803314209,1.0,0.03384489566087723,0.028834491968154907,0.014593083411455154,0.029164021834731102,,0.06385751813650131
tless_000002_000130_02,1.0467755794525146,0.6495785117149353,0.0,0.0,0.0,0.0,0.0,0.0,0.19121219217777252,0.7201135754585266,0.32666194438934326,0.01516160648316145,0.32666194438934326,,0.9485020637512207
tless_000002_000153_01,0.9916142225265503,0.6367992162704468,0.0,0.0,0.0,0.0,0.0,0.0,0.18399468064308167,0.7392268776893616,0.2523873448371887,0.010585790500044823,0.2523873448371887,,0.8276634216308594
tless_000002_000214_02,0.9319454431533813,0.5410584211349487,0.0,0.0,0.0,0.0,0.0,0.0,0.28619247674942017,0.6679736971855164,0.263971745967865,0.013533384539186954,0.263971745967865,,0.9178701043128967
tless_000002_000227_02,0.045728228986263275,0.0014197384007275105,0.10949652642011642,0.10949652642011642,0.771880567073822,0.9823247790336609,0.9990224838256836,0.9990224838256836,1.0,0.023557864129543304,0.02217036299407482,0.01215317938476801,0.022936809808015823,,0.07692226022481918
tless_000002_000235_01,1.0187608003616333,0.6470911502838135,0.0,0.0,0.0,0.0,0.0,0.0,0.1951971799135208,0.7337987422943115,0.28496208786964417,0.014737844467163086,0.28496208786964417,,0.5664485096931458
tless_000002_000242_02,0.9189291000366211,0.5388683676719666,0.0,0.0,0.0,0.0,0.0,0.00046705163549631834,0.31301483511924744,0.6683127880096436,0.25061628222465515,0.010358903557062149,0.25061628222465515,,0.6421579122543335
tless_000002_000248_01,1.0389695167541504,0.6401682496070862,0.0,0.0,0.0,0.0,0.0,0.0,0.14995482563972473,0.7214159965515137,0.3175535500049591,0.011923382058739662,0.3175535500049591,,0.8061946034431458
tless_000002_000254_00,0.04008350148797035,0.0012649060226976871,0.1876181811094284,0.1876181811094284,0.843133270740509,0.9792890548706055,0.9989001750946045,0.9990224838256836,1.0,0.020534949377179146,0.019548552110791206,0.0109565369784832,0.020257532596588135,,0.10902126878499985
tless_000002_000255_01,0.9582962393760681,0.5542733073234558,0.0,0.0,0.0,0.0,0.0,0.0,0.20311471819877625,0.6764543056488037,0.2818419337272644,0.012818729504942894,0.2818419337272644,,0.8549034595489502
tless_000002_000286_02,0.8466205596923828,0.471120148897171,0.0,0.0,0.0,0.0,0.0,0.001460940926335752,0.34136465191841125,0.6329907178878784,0.2136298567056656,0.01194976456463337,0.2136298567056656,,0.8156992793083191
tless_000002_000327_00,0.03699880838394165,0.0010587088763713837,0.19591669738292694,0.19591669738292694,0.8800866007804871,0.9831865429878235,0.9990224838256836,0.9991447925567627,1.0,0.019323445856571198,0.017675362527370453,0.010639075189828873,0.018357625231146812,,0.09692171961069107
tless_000002_000387_01,1.3849215507507324,0.9894509315490723,0.0,0.0,0.0,0.0,0.0,0.0,0.0,0.7984104156494141,0.5865111351013184,0.027824781835079193,0.5865111351013184,,0.2969100773334503
tless_000002_000416_00,1.2707228660583496,0.8297846913337708,0.0,0.0,0.0,0.0,0.0,0.0,0.0,0.7249929904937744,0.5457298755645752,0.011369254440069199,0.5457298755645752,,0.2741501033306122
tless_000002_000416_02,1.4695911407470703,1.082176923751831,0.0,0.0,0.0,0.0,0.0,0.0,0.0,0.7222464084625244,0.7473446726799011,0.0035514035262167454,0.7473446726799011,,0.06505613774061203
tless_000002_000423_01,1.0476306676864624,0.61286461353302,0.0,0.0,0.0,0.0,0.0,0.0,0.0931098684668541,0.6873816847801208,0.36024895310401917,0.009593646973371506,0.36024895310401917,,0.4616207182407379
tless_000002_000462_00,0.04782378673553467,0.0025431024841964245,0.17692045867443085,0.17692045867443085,0.8171899318695068,0.9298497438430786,0.9768952131271362,0.9960784316062927,1.0,0.02968628890812397,0.018137499690055847,0.009435060434043407,0.018754757940769196,,0.10757670551538467
tless_000002_000463_00,1.3582621812820435,0.9232138395309448,0.0,0.0,0.0,0.0,0.0,0.0,0.0,0.687885582447052,0.6703765988349915,0.006664150860160589,0.6703765988349915,,0.02201407216489315
tless_000002_000470_01,1.4431289434432983,1.0420386791229248,0.0,0.0,0.0,0.0,0.0,0.0,0.0,0.7302709817886353,0.7128579616546631,0.0011897319927811623,0.7128579616546631,,0.016554130241274834
tless_000002_000489_01,0.039593711495399475,0.0011714755091816187,0.15963327884674072,0.15963327884674072,0.8747451901435852,0.981509804725647,0.9973072409629822,0.9990224838256836,1.0,0.02089584246277809,0.018697867169976234,0.008693522773683071,0.01946311630308628,,0.09127918630838394
tless_000003_000055_00,0.9620975852012634,0.6236701011657715,0.0,0.0,0.0,0.0,0.0,0.000971554487477988,0.24807527661323547,0.7345063090324402,0.22759127616882324,0.011839237995445728,0.22759127616882324,,0.8826246857643127
tless_000003_000057_03,0.07263070344924927,0.0036901035346090794,0.031446825712919235,0.031446825712919235,0.4307194650173187,0.8316103219985962,0.9816849827766418,0.9969388842582703,1.0,0.03846747428178787,0.0341632254421711,0.01313942763954401,0.03446255251765251,,0.06631211191415787
tless_000003_000101_00,0.9627552032470703,0.6265426874160767,0.0,0.0,0.0,0.0,0.0,0.0009703224641270936,0.2382795661687851,0.7355886101722717,0.22716662287712097,0.0139308487996459,0.22716662287712097,,0.9993643760681152
tless_000003_000101_01,0.803555428981781,0.42696791887283325,0.0,0.0,0.0,0.0,0.0,0.023304497823119164,0.3874015808105469,0.5990622043609619,0.2044932246208191,0.008813608437776566,0.2044932246208191,,0.7051991820335388
tless_000003_000109_03,0.9317203760147095,0.6566934585571289,0.0,0.0,0.0,0.0,0.0,0.004870920442044735,0.19360528886318207,0.7733806371688843,0.1583397090435028,0.013733630068600178,0.1583397090435028,,1.0065418481826782
tless_000003_000115_00,0.06828175485134125,0.003917800262570381,0.060546875,0.060546875,0.5852640867233276,0.8249951004981995,0.9696636199951172,0.9975526332855225,1.0,0.03142835199832916,0.036853402853012085,0.013943009078502655,0.03737059235572815,,0.11126464605331421
tless_000003_000144_01,0.9465758800506592,0.5357685089111328,0.0,0.0,0.0,0.0,0.0,0.0,0.31751900911331177,0.6522994041442871,0.2942764461040497,0.010534577071666718,0.2942764461040497,,0.683915913105011
tless_000003_000154_00,0.8516735434532166,0.5363041162490845,0.0,0.0,0.0,0.0,0.0,0.02077796496450901,0.26917389035224915,0.6932474970817566,0.15842604637145996,0.013649004511535168,0.15842604637145996,,0.9955873489379883
tless_000003_000161_03,0.06584444642066956,0.003197123296558857,0.04699675366282463,0.04699675366282463,0.5310793519020081,0.8746429085731506,0.9826918244361877,0.9985330104827881,1.0,0.03527306020259857,0.030571386218070984,0.027013633400201797,0.030866067856550217,,0.12785221636295319
tless_000003_000190_02,0.9314748644828796,0.6150407195091248,0.0,0.0,0.0,0.0,0.0,0.002923782914876938,0.19876869022846222,0.7400320768356323,0.1914428025484085,0.012818733230233192,0.1914428025484085,,1.0456126928329468
tless_000003_000190_04,1.0507227182388306,0.7175750732421875,0.0,0.0,0.0,0.0,0.0,0.0,0.13479052484035492,0.7788050770759583,0.2719176709651947,0.013123081997036934,0.2719176709651947,,0.9176470637321472
tless_000003_000216_00,0.9714235663414001,0.5822461247444153,0.0,0.0,0.0,0.0,0.0,0.0,0.20939891040325165,0.6963297724723816,0.27509379386901855,0.009572927840054035,0.27509379386901855,,0.7536976337432861
tless_000003_000216_02,0.10135442018508911,0.013589266687631607,0.13050079345703125,0.13050079345703125,0.620082437992096,0.7246440649032593,0.827573299407959,0.9295700788497925,1.0,0.027971582487225533,0.07338283956050873,0.01898016966879368,0.07476362586021423,,0.1271243542432785
tless_000003_000225_01,1.0055071115493774,0.571836531162262,0.0,0.0,0.0,0.0,0.0,0.0,0.23181523382663727,0.6594328880310059,0.3460742235183716,0.010005868971347809,0.3460742235183716,,0.6699277758598328
tless_000003_000254_03,0.05303619056940079,0.0036457895766943693,0.09585780650377274,0.09585780650377274,0.7530426383018494,0.9456917643547058,0.9858875870704651,0.9958323240280151,0.9981656074523926,0.03069988265633583,0.022336306050419807,0.010673746466636658,0.02288907952606678,,0.20003058016300201
tless_000003_000292_01,1.4492073059082031,1.0519914627075195,0.0,0.0,0.0,0.0,0.0,0.0,0.0,0.7096368074417114,0.7395704984664917,0.007954747416079044,0.7395704984664917,,0.066802479326725
tless_000003_000343_00,0.04149896651506424,0.001363749266602099,0.18566511571407318,0.18566511571407318,0.8422157168388367,0.9614604711532593,0.9933644533157349,1.0,1.0,0.02288767881691456,0.01861128956079483,0.05093998834490776,0.01894574798643589,,0.08989650011062622
tless_000003_000343_04,0.040756747126579285,0.00117321009747684,0.15331992506980896,0.15331992506980896,0.8481747508049011,0.9628124237060547,0.9990224838256836,0.9997557997703552,1.0,0.021824995055794716,0.018931753933429718,0.014162015169858932,0.019102219492197037,,0.04234081506729126
tless_000003_000351_03,0.04550431668758392,0.0019340263679623604,0.11465267091989517,0.11465267091989517,0.8255360722541809,0.963249683380127,0.9945998787879944,0.998288094997406,0.9998779296875,0.024940673261880875,0.02056364342570305,0.011087611317634583,0.021473268046975136,,0.15099410712718964
tless_000003_000354_00,1.040257453918457,0.6298933029174805,0.0,0.0,0.0,0.0,0.0,0.0,0.19837255775928497,0.702847957611084,0.33740946650505066,0.011815083213150501,0.33740946650505066,,0.524163007736206
tless_000003_000354_01,1.0272800922393799,0.5815587639808655,0.0,0.0,0.0,0.0,0.0,0.0,0.35699960589408875,0.6382636427879333,0.3890165090560913,0.006481753196567297,0.3890165090560913,,0.28236064314842224
tless_000003_000358_00,0.035860419273376465,0.0009250241564586759,0.22271403670310974,0.22271403670310974,0.896742582321167,0.9830001592636108,0.999267041683197,0.9998779296875,1.0,0.01907101646065712,0.016789404675364494,0.010918637737631798,0.017603380605578423,,0.12461642175912857
tless_000003_000369_01,1.4964319467544556,1.1203031539916992,0.0,0.0,0.0,0.0,0.0,0.0,0.0,0.7457885146141052,0.7506434321403503,0.012282186187803745,0.7506434321403503,,0.05713412165641785
tless_000003_000369_04,0.9694832563400269,0.5585667490959167,0.0,0.0,0.0,0.0,0.0,0.0,0.01838413067162037,0.6845462322235107,0.2849370241165161,0.007042538374662399,0.2849370241165161,,0.37665295600891113
tless_000003_000415_00,0.10090233385562897,0.012585519813001156,0.18937529623508453,0.18937529623508453,0.44663581252098083,0.5802271962165833,0.787627637386322,0.9428313374519348,1.0,0.015383883379399776,0.08551844954490662,0.03902525454759598,0.08737168461084366,,0.10930033773183823
tless_000003_000416_02,1.1690359115600586,0.752482533454895,0.0,0.0,0.0,0.0,0.0,0.0,0.01165048498660326,0.7576822638511658,0.41135361790657043,0.018805040046572685,0.41135361790657043,,0.36639881134033203
tless_000003_000419_03,0.026178549975156784,0.00047829776303842664,0.38699352741241455,0.38699352741241455,0.9641900062561035,0.9930340647697449,0.9996336698532104,1.0,1.0,0.013155857101082802,0.013022693805396557,0.01683078519999981,0.01375329215079546,,0.030859360471367836
tless_000003_000438_00,0.05553099140524864,0.0034418203867971897,0.11630648374557495,0.11630648374557495,0.6920211315155029,0.9033928513526917,0.9919216632843018,0.9952164888381958,0.999267041683197,0.027658630162477493,0.02787236124277115,0.00990382395684719,0.028988653793931007,,0.15697932243347168
tless_000003_000454_00,0.9408361911773682,0.5133344531059265,0.0,0.0,0.0,0.0,0.0,0.0,0.24319107830524445,0.6422889232635498,0.29854726791381836,0.030700113624334335,0.29854726791381836,,0.35759833455085754
tless_000003_000476_02,0.9117838740348816,0.5464441180229187,0.0,0.0,0.0,0.0,0.0,0.0009695115149952471,0.184799462556839,0.6919417977333069,0.2198420614004135,0.011121127754449844,0.2198420614004135,,0.839914083480835
tless_000003_000476_03,1.038676381111145,0.6260325312614441,0.0,0.0,0.0,0.0,0.0,0.0,0.07969995588064194,0.7140249013900757,0.32465144991874695,0.020388195291161537,0.32465144991874695,,0.48416534066200256
tless_000003_000502_03,0.07161276042461395,0.006254507228732109,0.051777299493551254,0.051777299493551254,0.6020867228507996,0.8853081464767456,0.9512226581573486,0.9821073412895203,0.9998779296875,0.04373713582754135,0.027875622734427452,0.010116077959537506,0.028663525357842445,,0.20682545006275177
tless_000004_000004_03,0.06832488626241684,0.0032935633789747953,0.05442584306001663,0.05442584306001663,0.528437614440918,0.8184233903884888,0.9831217527389526,1.0,1.0,0.035833753645420074,0.032491132616996765,0.015191949903964996,0.03271929547190666,,0.041114628314971924
tless_000004_000007_00,0.06248746067285538,0.0027204856742173433,0.06697902083396912,0.06697902083396912,0.5501663088798523,0.874441921710968,0.991645097732544,0.9986554384231567,1.0,0.03210970759391785,0.03037775307893753,0.01418120227754116,0.03075237385928631,,0.0714283362030983
tless_000004_000008_01,0.05975549295544624,0.0023217557463794947,0.056402284651994705,0.056402284651994705,0.5783557295799255,0.9012994766235352,0.9963244199752808,0.9997557997703552,1.0,0.0303249042481184,0.029430588707327843,0.011432243511080742,0.029687955975532532,,0.07862246036529541
tless_000004_000009_02,0.030453257262706757,0.0006043490720912814,0.28339463472366333,0.28339463472366333,0.9484659433364868,0.997555673122406,0.9993892908096313,1.0,1.0,0.01561808679252863,0.014835170470178127,0.010603830218315125,0.01543568354099989,,0.008042633533477783
tless_000004_000012_01,0.05727048218250275,0.002113412832841277,0.05769564211368561,0.05769564211368561,0.6046265959739685,0.9387142062187195,0.9950932264328003,0.9998779296875,1.0,0.029708338901400566,0.02756214514374733,0.011851421557366848,0.02778056636452675,,0.07833915948867798
tless_000004_000013_01,0.05462320148944855,0.0018831840716302395,0.0555095300078392,0.0555095300078392,0.6470301747322083,0.9522542953491211,0.9969388842582703,1.0,1.0,0.028311558067798615,0.026311641559004784,0.012039410881698132,0.026448141783475876,,0.057391244918107986
tless_000004_000018_00,0.05722388997673988,0.0023615099489688873,0.0950474888086319,0.0950474888086319,0.6207573413848877,0.8918424248695374,0.9945998787879944,0.998288094997406,1.0,0.02894928678870201,0.028274603188037872,0.014151289127767086,0.028709135949611664,,0.06199048087000847
tless_000004_000020_00,0.05265229195356369,0.0019920296035706997,0.11186805367469788,0.11186805367469788,0.6606119871139526,0.9339960217475891,0.9962014555931091,0.9984105825424194,1.0,0.027243196964263916,0.025409093126654625,0.013647631742060184,0.02582991123199463,,0.08082964271306992
tless_000004_000021_00,0.05070417374372482,0.001886911690235138,0.11591314524412155,0.11591314524412155,0.699400782585144,0.9389805197715759,0.9962014555931091,0.998288094997406,1.0,0.0259404294192791,0.024763746187090874,0.014254311099648476,0.025024233385920525,,0.07417681068181992
tless_000004_000032_03,0.057981155812740326,0.0023787380196154118,0.06088704615831375,0.06088704615831375,0.6165953874588013,0.9032073616981506,0.9921259880065918,0.9990224838256836,1.0,0.03300255164504051,0.024978604167699814,0.013873468153178692,0.025076160207390785,,0.08321762084960938
tless_000004_000033_01,0.062467060983181,0.002524031326174736,0.046503037214279175,0.046503037214279175,0.5427279472351074,0.8928175568580627,0.9934998750686646,1.0,1.0,0.032208770513534546,0.030258290469646454,0.011830883100628853,0.03050852380692959,,0.06586106866598129
tless_000004_000033_02,0.03295815736055374,0.0007109885336831212,0.25135868787765503,0.25135868787765503,0.9203728437423706,0.995114266872406,0.9998779296875,1.0,1.0,0.01684560999274254,0.016112545505166054,0.013572542928159237,0.01712646335363388,,0.010488291271030903
tless_000004_000040_00,0.056481242179870605,0.002191411331295967,0.0842687338590622,0.0842687338590622,0.6281643509864807,0.9065767526626587,0.9953565001487732,0.9991447925567627,1.0,0.028539951890707016,0.02794128842651844,0.013728088699281216,0.02842705324292183,,0.0472579188644886
tless_000004_000041_00,0.06263028830289841,0.00269156601279974,0.08161230385303497,0.08161230385303497,0.5474467277526855,0.8534684181213379,0.9931170344352722,0.9995114803314209,1.0,0.031630925834178925,0.030999362468719482,0.014310593716800213,0.03147802874445915,,0.0819072499871254
tless_000004_000047_02,0.05383743345737457,0.002021361608058214,0.08555702865123749,0.08555702865123749,0.6754575967788696,0.9230014085769653,0.9941333532333374,0.9993892908096313,1.0,0.025578634813427925,0.028258800506591797,0.011918550357222557,0.029176902025938034,,0.03214110806584358
tless_000004_000054_00,0.06422002613544464,0.0028225379064679146,0.06836111098527908,0.06836111098527908,0.5366074442863464,0.8506813645362854,0.991195559501648,1.0,1.0,0.032073456794023514,0.03214656934142113,0.014022362418472767,0.03264613077044487,,0.02987813949584961
tless_000004_000063_02,0.05419740825891495,0.0019254563376307487,0.07933107763528824,0.07933107763528824,0.6463627219200134,0.9283400774002075,0.9981671571731567,0.9996336698532104,1.0,0.026977436617016792,0.027219969779253006,0.01438384409993887,0.02746177464723587,,0.06000155210494995
tless_000004_000067_01,0.06180678308010101,0.0024923724122345448,0.04581189155578613,0.04581189155578613,0.53559410572052,0.9068370461463928,0.9947232604026794,0.9989001750946045,1.0,0.03249248117208481,0.029314303770661354,0.012045113369822502,0.029570698738098145,,0.09570932388305664
tless_000004_000072_01,0.05431000143289566,0.0019257399253547192,0.05634469538927078,0.05634469538927078,0.6555287837982178,0.9464174509048462,0.9984105825424194,0.9991447925567627,1.0,0.02842499129474163,0.02588501013815403,0.011375373229384422,0.026140009984374046,,0.1057586669921875
tless_000004_000084_03,0.05719835311174393,0.0022313978988677263,0.07727031409740448,0.07727031409740448,0.6197865009307861,0.9050742387771606,0.9962014555931091,0.9990224838256836,1.0,0.029746534302830696,0.02745182067155838,0.013792636804282665,0.027775054797530174,,0.06503651291131973
tless_000004_000090_02,0.026022564619779587,0.00043060467578470707,0.37065550684928894,0.37065550684928894,0.9782494902610779,0.9991455078125,1.0,1.0,1.0,0.012980678118765354,0.013041886501014233,0.01608249917626381,0.013808873482048512,,0.012045522220432758
tless_000004_000094_02,0.026896581053733826,0.0004804097698070109,0.3696158528327942,0.3696158528327942,0.9724650979042053,0.9969388842582703,0.9997557997703552,1.0,1.0,0.013932187110185623,0.012964393943548203,0.015412328764796257,0.013826770707964897,,0.0056418776512146
tless_000004_000096_00,0.04173807054758072,0.0012939665466547012,0.19847561419010162,0.19847561419010162,0.802488386631012,0.9727213382720947,0.9990224838256836,0.999267041683197,1.0,0.0209946408867836,0.02074342779815197,0.011882724240422249,0.021192077547311783,,0.11760518699884415
tless_000004_000096_02,0.026857413351535797,0.00048219598829746246,0.3701113760471344,0.3701113760471344,0.9636662602424622,0.9969428181648254,0.9998779296875,1.0,1.0,0.013714361935853958,0.013143051415681839,0.010699722915887833,0.014204462058842182,,0.007146467920392752
tless_000004_000097_01,0.057417333126068115,0.0021614693105220795,0.05141567438840866,0.05141567438840866,0.6170001029968262,0.9331122040748596,0.9924256205558777,0.9995114803314209,1.0,0.02959953248500824,0.027817800641059875,0.011734694242477417,0.02802921272814274,,0.0524427704513073
tless_000004_000097_03,0.050614893436431885,0.0018501058220863342,0.1038702204823494,0.1038702204823494,0.7032657265663147,0.940312385559082,0.9987778067588806,0.9990224838256836,1.0,0.02739259973168373,0.023222293704748154,0.015396482311189175,0.023362312465906143,,0.09314326196908951
tless_000004_000098_01,0.05663507431745529,0.002149558160454035,0.055457040667533875,0.055457040667533875,0.6327742338180542,0.9397830963134766,0.9902052283287048,0.9997557997703552,1.0,0.0283726304769516,0.028262443840503693,0.01235971599817276,0.028489844873547554,,0.06412521749734879
tless_000004_000098_02,0.027399562299251556,0.0004987582215107977,0.3556700050830841,0.3556700050830841,0.9639747738838196,0.997311532497406,0.9998779296875,1.0,1.0,0.014125022105872631,0.0132745411247015,0.014442810788750648,0.01418547984212637,,0.009708206169307232
tless_000004_000098_03,0.051307979971170425,0.0018378865206614137,0.08195324242115021,0.08195324242115021,0.6956758499145508,0.9434211850166321,0.9989001750946045,0.9990224838256836,1.0,0.02762063965201378,0.023687340319156647,0.013949045911431313,0.023864001035690308,,0.10143458843231201
tless_000004_000114_01,0.062397174537181854,0.0025378158316016197,0.04261741042137146,0.04261741042137146,0.5327847599983215,0.9019103646278381,0.9953396916389465,0.9990224838256836,1.0,0.03275023028254509,0.029646942391991615,0.012265888042747974,0.029812466353178024,,0.09995188564062119
tless_000004_000116_00,0.055682599544525146,0.0022940682247281075,0.08816751837730408,0.08816751837730408,0.6454301476478577,0.9052531719207764,0.9952208995819092,0.9987778067588806,1.0,0.028442490845918655,0.02724011056125164,0.01563037931919098,0.02767937257885933,,0.07146231085062027
tless_000004_000120_00,0.05705767869949341,0.002389052417129278,0.10932410508394241,0.10932410508394241,0.623782753944397,0.8907824158668518,0.9922705292701721,0.999267041683197,1.0,0.02814365364611149,0.02891402319073677,0.015757963061332703,0.029365479946136475,,0.05571204423904419
tless_000004_000124_01,0.07020635902881622,0.003465515561401844,0.032685693353414536,0.032685693353414536,0.47224536538124084,0.8363006711006165,0.9857620596885681,0.9979205131530762,1.0,0.036182232201099396,0.03402412682771683,0.01107066497206688,0.03451142832636833,,0.1251833587884903
tless_000004_000132_02,0.04968368262052536,0.001687777927145362,0.11102522164583206,0.11102522164583206,0.7089678049087524,0.9475079774856567,0.9990231990814209,0.9995114803314209,1.0,0.023638973012566566,0.026044709607958794,0.012707468122243881,0.02644186094403267,,0.06773948669433594
tless_000004_000138_02,0.03173085302114487,0.0007223130669444799,0.30431732535362244,0.30431732535362244,0.9099881649017334,0.9905879497528076,0.9993892908096313,1.0,1.0,0.01582489162683487,0.015905961394309998,0.011229614727199078,0.016584942117333412,,0.03610219433903694
tless_000004_000157_00,0.04551495984196663,0.0018660342320799828,0.16089364886283875,0.16089364886283875,0.7685379981994629,0.9656839966773987,0.9975526332855225,0.9979205131530762,1.0,0.02344949170947075,0.02206546813249588,0.012243952602148056,0.022510532289743423,,0.13885189592838287
tless_000004_000160_00,0.04295072704553604,0.0014487876323983073,0.159070685505867,0.159070685505867,0.8157944083213806,0.9738103151321411,0.998288094997406,0.9990224838256836,1.0,0.021850593388080597,0.021100133657455444,0.012431885115802288,0.02161373198032379,,0.14118802547454834
tless_000004_000168_01,0.051421359181404114,0.0017672502435743809,0.0813773050904274,0.0813773050904274,0.703613817691803,0.9384399652481079,0.9977979063987732,0.9996336698532104,1.0,0.02576885186135769,0.025652507320046425,0.010107770562171936,0.02600579522550106,,0.05642567202448845
tless_000004_000168_02,0.022665124386548996,0.00034678622614592314,0.4876731336116791,0.4876731336116791,0.9825875759124756,0.9965702891349792,1.0,1.0,1.0,0.011900018900632858,0.010765104554593563,0.0115601671859622,0.011631452478468418,,0.005077928304672241
tless_000004_000170_02,0.02294454351067543,0.00035933934850618243,0.4809921085834503,0.4809921085834503,0.9854940176010132,0.9964473843574524,0.9998779296875,1.0,1.0,0.01200995221734047,0.010934592224657536,0.014064310118556023,0.01198714878410101,,0.008395671844482422
tless_000004_000179_02,0.025172173976898193,0.00045911050983704627,0.40585780143737793,0.40585780143737793,0.9782319664955139,0.9969388842582703,0.9997557997703552,0.9997557997703552,1.0,0.013633505441248417,0.011538669466972351,0.01089872233569622,0.012091093696653843,,0.07614655047655106
tless_000004_000180_03,0.04409799724817276,0.0014943471178412437,0.14357955753803253,0.14357955753803253,0.796761691570282,0.9642139673233032,0.9984105825424194,0.999267041683197,1.0,0.023470574989914894,0.020627422258257866,0.011663525365293026,0.021010905504226685,,0.11330733448266983
tless_000004_000187_01,0.05301118642091751,0.001840277574956417,0.05529758334159851,0.05529758334159851,0.6752886176109314,0.958250880241394,0.9977979063987732,0.9990224838256836,1.0,0.027120964601635933,0.025890221819281578,0.010127843357622623,0.026196181774139404,,0.11008914560079575
tless_000004_000188_03,0.04316197708249092,0.0015117659932002425,0.13921086490154266,0.13921086490154266,0.8052791953086853,0.9695929288864136,0.9987778067588806,0.9991447925567627,1.0,0.022873979061841965,0.020287998020648956,0.011313105002045631,0.020459122955799103,,0.1340341418981552
tless_000004_000193_00,0.04371140897274017,0.0014103956054896116,0.1470988541841507,0.1470988541841507,0.793086588382721,0.9673627018928528,0.9987778067588806,0.999267041683197,1.0,0.02245568484067917,0.021255725994706154,0.013878525234758854,0.02160431072115898,,0.1029999852180481
tless_000004_000196_00,0.048590123653411865,0.0016384196933358908,0.10842040926218033,0.10842040926218033,0.7330043911933899,0.9555165767669678,0.9981671571731567,0.9991447925567627,1.0,0.02497413195669651,0.023615989834070206,0.015894383192062378,0.02397250384092331,,0.06953016668558121
tless_000004_000204_01,0.05099598690867424,0.001964245457202196,0.0863264724612236,0.0863264724612236,0.7179182767868042,0.9541587829589844,0.9965702891349792,0.9979205131530762,1.0,0.02719075232744217,0.02380523458123207,0.009948269464075565,0.024392103776335716,,0.14717553555965424
tless_000004_000270_03,0.036125149577856064,0.0010252930223941803,0.21563434600830078,0.21563434600830078,0.88532954454422,0.9891707897186279,0.9987778067588806,0.999267041683197,1.0,0.01957995444536209,0.016545195132493973,0.01035911962389946,0.016945810988545418,,0.13625885546207428
tless_000004_000331_02,0.017023686319589615,0.0002069891634164378,0.70638507604599,0.70638507604599,0.9944974780082703,0.9990224838256836,1.0,1.0,1.0,0.008269417099654675,0.00875426921993494,0.00891022477298975,0.010023497976362705,,0.00280115008354187
tless_000004_000357_01,0.03867824375629425,0.0009819453116506338,0.15076473355293274,0.15076473355293274,0.8768830895423889,0.9879589080810547,0.9993892908096313,0.9998779296875,1.0,0.019285067915916443,0.019393175840377808,0.011094748973846436,0.019824594259262085,,0.07790502160787582
tless_000004_000427_03,0.022993016988039017,0.0003438194398768246,0.4637628197669983,0.4637628197669983,0.9929112792015076,0.9989001750946045,1.0,1.0,1.0,0.012309417128562927,0.01068359985947609,0.012599322944879532,0.01100972481071949,,0.01670852303504944
tless_000004_000455_00,0.004724605940282345,1.99386959138792e-05,0.9888916611671448,0.9888916611671448,1.0,1.0,1.0,1.0,1.0,0.0018191952258348465,0.002905410947278142,0.015734151005744934,0.004169503692537546,,0.004455587361007929
tless_000004_000488_02,0.003999324515461922,1.2375870937830769e-05,0.994106113910675,0.994106113910675,1.0,1.0,1.0,1.0,1.0,0.002056145342066884,0.0019431794062256813,0.0015286901034414768,0.002210328821092844,,0.006878194864839315
tless_000005_000020_01,0.7802782654762268,0.5295130610466003,0.0,0.0,0.0,0.0,0.00292476499453187,0.0317155197262764,0.3035825192928314,0.6944689750671387,0.08580927550792694,0.013449901714920998,0.08580927550792694,,0.977569580078125
tless_000005_000020_03,0.9330136775970459,0.5921595692634583,0.0,0.0,0.0,0.0,0.0,0.0004879342159256339,0.20074675977230072,0.7236195802688599,0.20939409732818604,0.013407355174422264,0.20939409732818604,,0.9590947031974792
tless_000005_000025_02,0.9526940584182739,0.6637360453605652,0.0,0.0,0.0,0.0,0.0,0.0048676952719688416,0.17387427389621735,0.7702782154083252,0.18241584300994873,0.015832848846912384,0.18241584300994873,,1.0193300247192383
tless_000005_000031_00,1.0226994752883911,0.5553588271141052,0.0,0.0,0.0,0.0,0.0,0.0,0.0926658883690834,0.6265789270401001,0.396120548248291,0.02497994154691696,0.396120548248291,,0.298385888338089
tless_000005_000043_02,0.983321487903595,0.6649434566497803,0.0,0.0,0.0,0.0,0.0,0.0014607252087444067,0.17142857611179352,0.7679754495620728,0.21534603834152222,0.01420852355659008,0.21534603834152222,,1.0322414636611938
tless_000005_000056_00,0.5779955387115479,0.2694329023361206,0.0,0.0,0.0,0.0,0.006324273068457842,0.05830765515565872,0.7058451771736145,0.48829615116119385,0.0896994024515152,0.012896883301436901,0.0896994024515152,,0.6500224471092224
tless_000005_000064_01,1.0472517013549805,0.5977237820625305,0.0,0.0,0.0,0.0,0.0,0.0,0.16610701382160187,0.6647213697433472,0.3825303018093109,0.02088850364089012,0.3825303018093109,,0.4677344262599945
tless_000005_000073_01,0.034870922565460205,0.001040493487380445,0.2921295762062073,0.2921295762062073,0.8885468244552612,0.9662114977836609,0.9942296147346497,1.0,1.0,0.019687695428729057,0.015183225274085999,0.009015933610498905,0.01582545042037964,,0.047223251312971115
tless_000005_000079_02,0.05323585122823715,0.002175451023504138,0.0956757590174675,0.0956757590174675,0.7003628611564636,0.9184547066688538,0.9941232800483704,0.9986554384231567,1.0,0.02668745443224907,0.026548394933342934,0.011030195280909538,0.02718300372362137,,0.11137769371271133
tless_000005_000083_02,0.05327298492193222,0.002059663413092494,0.08985937386751175,0.08985937386751175,0.6758856177330017,0.9263764023780823,0.9969439506530762,0.9990224838256836,1.0,0.02681952901184559,0.026453455910086632,0.011867146007716656,0.027055108919739723,,0.11560499668121338
tless_000005_000086_03,0.9995066523551941,0.6259549260139465,0.0,0.0,0.0,0.0,0.0,0.0,0.17061187326908112,0.7290216684341431,0.270484983921051,0.011314398609101772,0.270484983921051,,0.8124098181724548
tless_000005_000086_04,0.9399402737617493,0.5968608856201172,0.0,0.0,0.0,0.0,0.0,0.00579071044921875,0.23105160892009735,0.7192932963371277,0.22064697742462158,0.012287641875445843,0.22064697742462158,,1.0635669231414795
tless_000005_000100_01,0.8007733821868896,0.5161716341972351,0.0,0.0,0.0,0.0,0.00048727449029684067,0.03076923079788685,0.30498653650283813,0.6828835606575012,0.11788982897996902,0.012512030079960823,0.11788982897996902,,0.8125700354576111
tless_000005_000149_03,0.9967038631439209,0.6182974576950073,0.0,0.0,0.0,0.0,0.0,0.0,0.12110091745853424,0.7290742993354797,0.2676295340061188,0.011846965178847313,0.2676295340061188,,0.8369433283805847
tless_000005_000151_01,0.031664151698350906,0.0008718938333913684,0.31095024943351746,0.31095024943351746,0.9281588196754456,0.9800989031791687,0.9960784316062927,0.999267041683197,1.0,0.01735403947532177,0.014310112223029137,0.008429663255810738,0.015211739577353,,0.0703560933470726
tless_000005_000221_02,1.0318650007247925,0.6396477222442627,0.0,0.0,0.0,0.0,0.0,0.0,0.11980720609426498,0.7245034575462341,0.30736157298088074,0.007064871955662966,0.30736157298088074,,0.5985106825828552
tless_000005_000221_04,0.8579334616661072,0.4644152522087097,0.0,0.0,0.0,0.0,0.0,0.0,0.3209674060344696,0.6212829947471619,0.2366504669189453,0.009803233668208122,0.2366504669189453,,0.7238672375679016
tless_000005_000247_04,0.9261332750320435,0.5495739579200745,0.0,0.0,0.0,0.0,0.0,0.0,0.2458244115114212,0.6811856627464294,0.24494759738445282,0.00954360794275999,0.24494759738445282,,0.6317190527915955
tless_000005_000254_02,0.8832321763038635,0.5786564350128174,0.0,0.0,0.0,0.0,0.0,0.006327336188405752,0.21330425143241882,0.7232165932655334,0.16001559793949127,0.012792685069143772,0.16001559793949127,,1.0335968732833862
tless_000005_000290_02,1.4423084259033203,1.0831164121627808,0.0,0.0,0.0,0.0,0.0,0.0,0.0,0.8525557518005371,0.5897526741027832,0.06886047124862671,0.5897526741027832,,0.4249218702316284
tless_000005_000290_03,1.1106077432632446,0.648996889591217,0.0,0.0,0.0,0.0,0.0,0.0,0.057386767119169235,0.6701792478561401,0.4404284656047821,0.012092573568224907,0.4404284656047821,,0.39767196774482727
tless_000005_000290_04,0.7970172166824341,0.42800211906433105,0.0,0.0,0.0,0.0,0.0,0.029982784762978554,0.3912018835544586,0.6055649518966675,0.1914522647857666,0.00973590463399887,0.1914522647857666,,0.6247891783714294
tless_000005_000310_00,0.010229954496026039,7.243545405799523e-05,0.9305176138877869,0.9305176138877869,0.9997557997703552,1.0,1.0,1.0,1.0,0.005157026462256908,0.005072928033769131,0.09506405144929886,0.005298170726746321,,0.01296303141862154
tless_000005_000348_00,1.2427082061767578,0.7803366184234619,0.0,0.0,0.0,0.0,0.0,0.0,0.0,0.6800576448440552,0.5626505017280579,0.005616842769086361,0.5626505017280579,,0.14516498148441315
tless_000005_000348_04,0.9518958330154419,0.538405179977417,0.0,0.0,0.0,0.0,0.0,0.0,0.30006223917007446,0.6543304324150085,0.29756537079811096,0.008253062143921852,0.29756537079811096,,0.43608951568603516
tless_000005_000353_04,0.8395223021507263,0.45348939299583435,0.0,0.0,0.0,0.0,0.0,0.007687374949455261,0.37363511323928833,0.6166225671768188,0.22289973497390747,0.007621606811881065,0.22289973497390747,,0.5338737964630127
tless_000005_000373_04,0.047345686703920364,0.0017622915329411626,0.14878274500370026,0.14878274500370026,0.7679734826087952,0.936146080493927,0.9926320314407349,0.9993892908096313,1.0,0.025991026312112808,0.021354660391807556,0.011287327855825424,0.021835217252373695,,0.014636714942753315
tless_000005_000377_00,1.7168939113616943,1.4740073680877686,0.0,0.0,0.0,0.0,0.0,0.0,0.0,0.8545710444450378,0.8623228073120117,0.1221495270729065,0.8623228073120117,,0.01710534654557705
tless_000005_000393_02,0.933466911315918,0.5681037902832031,0.0,0.0,0.0,0.0,0.0,0.00047471787547692657,0.1619923710823059,0.705903172492981,0.22756370902061462,0.012756085023283958,0.22756370902061462,,0.9105405807495117
tless_000005_000393_04,1.1188313961029053,0.6950384378433228,0.0,0.0,0.0,0.0,0.0,0.0,0.16528555750846863,0.7162832617759705,0.4025481641292572,0.02171805500984192,0.4025481641292572,,0.3817855417728424
tless_000005_000400_02,0.045074768364429474,0.001468259608373046,0.12633466720581055,0.12633466720581055,0.7951920628547668,0.9598772525787354,0.9970617294311523,0.9993892908096313,1.0,0.023980194702744484,0.02109457366168499,0.01016787439584732,0.021660100668668747,,0.13111744821071625
tless_000005_000425_03,0.037877894937992096,0.0014964641304686666,0.22802910208702087,0.22802910208702087,0.8663776516914368,0.9769579768180847,0.9981656074523926,0.9985330104827881,0.9997557997703552,0.021250996738672256,0.01662689819931984,0.0190109945833683,0.016877785325050354,,0.14026905596256256
tless_000005_000429_04,0.024964598938822746,0.0004286091134417802,0.4302065372467041,0.4302065372467041,0.971282422542572,0.9964598417282104,0.9998779296875,1.0,1.0,0.01327623799443245,0.011688360944390297,0.007706330623477697,0.01263150479644537,,0.0053713321685791016
tless_000005_000439_03,0.07497325539588928,0.004468514584004879,0.10560237616300583,0.10560237616300583,0.4838913381099701,0.7459405064582825,0.9644572138786316,0.9980453848838806,1.0,0.03445767983794212,0.04051557928323746,0.02106602117419243,0.04058782756328583,,0.08721792697906494
tless_000005_000443_00,0.0025190371088683605,5.201882231631316e-06,1.0,1.0,1.0,1.0,1.0,1.0,1.0,0.001423295820131898,0.0010957414051517844,0.018891429528594017,0.0017435208428651094,,0.0022920481860637665
tless_000005_000450_04,0.8131210803985596,0.5086616277694702,0.0,0.0,0.0,0.0,0.0004778922884725034,0.03454894572496414,0.35104671120643616,0.6717182993888855,0.14140278100967407,0.013966646045446396,0.14140278100967407,,1.1551592350006104
tless_000005_000458_00,1.628659963607788,1.3263877630233765,0.0,0.0,0.0,0.0,0.0,0.0,0.0,0.8115395307540894,0.8171204328536987,0.012315243482589722,0.8171204328536987,,0.01531545352190733
tless_000005_000458_01,0.7041838765144348,0.4571957290172577,0.0,0.0,0.0,0.0009751284960657358,0.005842259153723717,0.054156769067049026,0.32713907957077026,0.6478703022003174,0.05631358176469803,0.01442989893257618,0.05631358176469803,,1.059796690940857
tless_000005_000468_00,0.0027538356371223927,5.829023393744137e-06,1.0,1.0,1.0,1.0,1.0,1.0,1.0,0.001393393729813397,0.0013604420237243176,0.01577550359070301,0.0017617717385292053,,0.0031138602644205093
tless_000005_000468_01,0.002410197164863348,4.408811037137639e-06,1.0,1.0,1.0,1.0,1.0,1.0,1.0,0.0012639900669455528,0.0011462069815024734,0.011324282735586166,0.0014573191292583942,,0.0025119397323578596
tless_000005_000470_04,0.14929017424583435,0.020971689373254776,0.026219822466373444,0.026219822466373444,0.24498379230499268,0.458051472902298,0.7506348490715027,0.9313123822212219,0.9997557997703552,0.05809428542852402,0.09119588136672974,0.014282735995948315,0.09280072152614594,,0.26692578196525574
tless_000006_000001_01,0.06507635116577148,0.0026907469145953655,0.03190595656633377,0.03190595656633377,0.4934238791465759,0.882762610912323,0.9947506189346313,0.9991447925567627,1.0,0.03353673964738846,0.031539611518383026,0.011709108017385006,0.031798671931028366,,0.08316495269536972
tless_000006_000023_02,0.9275440573692322,0.6364578008651733,0.0,0.0,0.0,0.0,0.0,0.011647366918623447,0.25998300313949585,0.7501429915428162,0.17740105092525482,0.011161559261381626,0.17740105092525482,,0.8514829277992249
tless_000006_000032_01,0.9583407044410706,0.5368016958236694,0.0,0.0,0.0,0.0,0.0,0.0,0.2742784917354584,0.6523406505584717,0.3060000538825989,0.011978179216384888,0.3060000538825989,,0.9349430203437805
tless_000006_000045_00,0.972432017326355,0.5220562219619751,0.0,0.0,0.0,0.0,0.0,0.0,0.2746419608592987,0.6247091889381409,0.3477228581905365,0.012751652859151363,0.3477228581905365,,0.5453882217407227
tless_000006_000045_01,0.9642349481582642,0.6037015914916992,0.0,0.0,0.0,0.0,0.0,0.0,0.2206776738166809,0.7168402671813965,0.2473946511745453,0.0123901991173625,0.2473946511745453,,1.1198118925094604
tless_000006_000058_02,0.7253040671348572,0.47845932841300964,0.0,0.0,0.0,0.0009597252355888486,0.006327573675662279,0.035020388662815094,0.42673325538635254,0.6544830799102783,0.07082100212574005,0.011712376028299332,0.07082100212574005,,0.9270437359809875
tless_000006_000096_03,0.05674722045660019,0.0025807314086705446,0.05706123262643814,0.05706123262643814,0.6615774631500244,0.9205896854400635,0.9946072697639465,0.9971844553947449,1.0,0.03005688264966011,0.02669033594429493,0.010958662256598473,0.027373453602194786,,0.14438080787658691
tless_000006_000105_02,0.06011258065700531,0.002880482468754053,0.05689415708184242,0.05689415708184242,0.6268429160118103,0.8977212309837341,0.9872666597366333,0.9976752996444702,1.0,0.0330718569457531,0.027040723711252213,0.011508876457810402,0.027655916288495064,,0.09843000024557114
tless_000006_000119_04,1.0204888582229614,0.6981387138366699,0.0,0.0,0.0,0.0,0.0,0.0,0.1524582803249359,0.7838053703308105,0.2366834431886673,0.013040459714829922,0.2366834431886673,,0.9161555767059326
tless_000006_000156_03,0.8888318538665771,0.594689130783081,0.0,0.0,0.0,0.0,0.0,0.01068479847162962,0.21291448175907135,0.7356834411621094,0.15314844250679016,0.013313536532223225,0.15314844250679016,,0.9169672131538391
tless_000006_000170_04,0.0448632687330246,0.001818627817556262,0.20151804387569427,0.20151804387569427,0.7587359547615051,0.9571901559829712,0.9957091808319092,0.999267041683197,0.9993892908096313,0.023165112361311913,0.021698156371712685,0.012374063953757286,0.022043604403734207,,0.14783905446529388
tless_000006_000174_00,0.031125277280807495,0.0007432111306115985,0.26290246844291687,0.26290246844291687,0.9461281299591064,0.9953396916389465,0.999267041683197,0.999267041683197,1.0,0.01635213941335678,0.014773138798773289,0.00937491562217474,0.01584707759320736,,0.1009662076830864
tless_000006_000177_04,0.9258894920349121,0.6922999620437622,0.0,0.0,0.0,0.0,0.0004829738463740796,0.01598449982702732,0.17712505161762238,0.7990671396255493,0.12682238221168518,0.01680871844291687,0.12682238221168518,,1.0708932876586914
tless_000006_000184_01,0.05455530434846878,0.0020359158515930176,0.05933510512113571,0.05933510512113571,0.6682921648025513,0.9393499493598938,0.9928908944129944,0.9996336698532104,1.0,0.026844115927815437,0.027711190283298492,0.010167377069592476,0.0279643926769495,,0.0893169417977333
tless_000006_000206_03,0.867587149143219,0.5480858087539673,0.0,0.0,0.0,0.0,0.0,0.01502179354429245,0.23257820308208466,0.7019217014312744,0.16566544771194458,0.013208098709583282,0.16566544771194458,,0.8756814002990723
tless_000006_000289_02,1.00887930393219,0.6039913892745972,0.0,0.0,0.0,0.0,0.0,0.0,0.10370370000600815,0.7086135149002075,0.3002657890319824,0.011663993820548058,0.3002657890319824,,0.5124059319496155
tless_000006_000315_03,1.3942346572875977,0.9997214078903198,0.0,0.0,0.0,0.0,0.0,0.0,0.0,0.8008716702461243,0.5933629274368286,0.03534708917140961,0.5933629274368286,,0.3442576825618744
tless_000006_000320_03,0.028148576617240906,0.0005919557297602296,0.4008876085281372,0.4008876085281372,0.9301572442054749,0.9880341291427612,1.0,1.0,1.0,0.014720046892762184,0.013428530655801296,0.01754625141620636,0.01403122115880251,,0.03294126316905022
tless_000006_000329_02,1.0985791683197021,0.6785728931427002,0.0,0.0,0.0,0.0,0.0,0.0,0.060146816074848175,0.7289996147155762,0.369579553604126,0.016115887090563774,0.369579553604126,,0.4812886714935303
tless_000006_000367_04,0.7795428037643433,0.45035436749458313,0.0,0.0,0.0,0.0,0.0,0.0135790491476655,0.31924498081207275,0.6362555027008057,0.1432872712612152,0.011875509284436703,0.1432872712612152,,0.7684488296508789
tless_000006_000378_00,0.004334764089435339,1.711747972876765e-05,0.9853851795196533,0.9853851795196533,1.0,1.0,1.0,1.0,1.0,0.002461836440488696,0.0018729276489466429,0.004764576442539692,0.002174689434468746,,0.012047295458614826
tless_000006_000388_04,1.1926119327545166,0.7553837895393372,0.0,0.0,0.0,0.0,0.0,0.0,0.0029254022520035505,0.7364023923873901,0.45620959997177124,0.0052959006279706955,0.45620959997177124,,0.2975321114063263
tless_000006_000402_00,1.3487248420715332,0.9103384613990784,0.0,0.0,0.0,0.0,0.0,0.0,0.0,0.6683996915817261,0.6803251504898071,0.002173489425331354,0.6803251504898071,,0.031810738146305084
tless_000006_000402_04,4.243878364562988,14.045553207397461,0.0,0.0,0.0,0.0,0.0,0.0,0.0,3.488368034362793,0.7555102109909058,2.1179694158490747e-05,0.7555102109909058,,4.3554558753967285
tless_000006_000421_02,0.024952517822384834,0.0004885986563749611,0.4237080514431,0.4237080514431,0.9754769802093506,0.9955919981002808,0.9977979063987732,1.0,1.0,0.013437638059258461,0.011514879763126373,0.017822038382291794,0.012053687125444412,,0.03176082298159599
tless_000006_000469_01,0.7621383666992188,0.5671718120574951,0.00046793618821538985,0.00046793618821538985,0.002420431934297085,0.002921117004007101,0.0068126521073281765,0.03029574453830719,0.3319079577922821,0.7127431631088257,0.049395203590393066,0.017981894314289093,0.049395203590393066,,1.4744282960891724
tless_000006_000485_00,1.4547080993652344,1.0589885711669922,0.0,0.0,0.0,0.0,0.0,0.0,0.0,0.7209326028823853,0.7337754368782043,0.015991631895303726,0.7337754368782043,,0.03765961155295372
tless_000006_000501_01,1.5026376247406006,1.1309207677841187,0.0,0.0,0.0,0.0,0.0,0.0,0.0,0.738923192024231,0.7637144327163696,0.0022552218288183212,0.7637144327163696,,0.05169674754142761
tless_000006_000501_02,0.9707176089286804,0.5677363872528076,0.0,0.0,0.0,0.0,0.0,0.0,0.2306695431470871,0.6838591694831848,0.2868584394454956,0.011717879213392735,0.2868584394454956,,0.5775736570358276
tless_000007_000003_05,0.8171226978302002,0.5601690411567688,0.0,0.0,0.0,0.0,0.0014623311581090093,0.01068479847162962,0.267709881067276,0.7146947979927063,0.10242792218923569,0.017096461728215218,0.10242792218923569,,1.1477850675582886
tless_000007_000013_00,0.5933932065963745,0.3534708619117737,0.0009701377712190151,0.0009701377712190151,0.0014635263942182064,0.002438429743051529,0.00826647225767374,0.03313325345516205,0.4913443922996521,0.5709897875785828,0.02240343578159809,0.041075095534324646,0.02240343578159809,,0.6851038932800293
tless_000007_000014_04,0.05438803881406784,0.0020043726544827223,0.106890007853508,0.106890007853508,0.6184548139572144,0.9178152084350586,0.9991451501846313,0.9998779296875,1.0,0.024570243433117867,0.029817797243595123,0.013870662078261375,0.0303047988563776,,0.10852918773889542
tless_000007_000021_03,0.9140814542770386,0.6304886341094971,0.0,0.0,0.0,0.0,0.0,0.010201603174209595,0.21408328413963318,0.7516801357269287,0.16240134835243225,0.011980620212852955,0.16240134835243225,,0.8809144496917725
tless_000007_000025_02,0.058893732726573944,0.002942632185295224,0.07434762269258499,0.07434762269258499,0.5954152941703796,0.9091719388961792,0.9954650402069092,0.998288094997406,0.9996336698532104,0.02905256487429142,0.029841165989637375,0.015621515922248363,0.03024902381002903,,0.1691691279411316
tless_000007_000039_00,0.8400307297706604,0.4771367609500885,0.0,0.0,0.0,0.0,0.0,0.001463340362533927,0.26917389035224915,0.6463583111763,0.19367243349552155,0.0521007739007473,0.19367243349552155,,0.587197482585907
tless_000007_000039_06,1.2500207424163818,0.8886548280715942,0.0,0.0,0.0,0.0,0.0,0.0,0.0481296181678772,0.8298542499542236,0.4201664328575134,0.019226156175136566,0.4201664328575134,,1.1865283250808716
tless_000007_000054_02,0.8913946747779846,0.8071118593215942,0.0004730224609375,0.0004730224609375,0.00048788427375257015,0.002438358962535858,0.005356708075851202,0.021733880043029785,0.23410217463970184,0.8561127781867981,0.03528190031647682,0.017786648124456406,0.03528190031647682,,1.1948704719543457
tless_000007_000054_06,1.2695437669754028,0.9281200170516968,0.0,0.0,0.0,0.0,0.0,0.0,0.05600379779934883,0.8516019582748413,0.4179418385028839,0.020474189892411232,0.4179418385028839,,1.2365667819976807
tless_000007_000091_05,0.04740484803915024,0.0016706811729818583,0.13608458638191223,0.13608458638191223,0.7338079214096069,0.9590851664543152,0.9987778067588806,0.9990224838256836,1.0,0.02284218743443489,0.024562658742070198,0.013801041059195995,0.024990025907754898,,0.11991707235574722
tless_000007_000094_00,0.03892841935157776,0.0011128918267786503,0.22679850459098816,0.22679850459098816,0.8419639468193054,0.9670619964599609,0.9974361658096313,1.0,1.0,0.018714509904384613,0.020213907584547997,0.04462013766169548,0.02030082233250141,,0.03583173081278801
tless_000007_000102_07,0.1094299852848053,0.009316240437328815,0.022040098905563354,0.022040098905563354,0.30259084701538086,0.5886754393577576,0.8787434697151184,0.9874255061149597,1.0,0.05384499952197075,0.05558498948812485,0.01974286139011383,0.05593060702085495,,0.022741397842764854
tless_000007_000110_01,0.040246665477752686,0.0011178205022588372,0.17679892480373383,0.17679892480373383,0.8352982401847839,0.9685114622116089,0.9990224838256836,1.0,1.0,0.0205871369689703,0.019659526646137238,0.027391673997044563,0.01975248008966446,,0.022616425529122353
tless_000007_000122_04,0.061056338250637054,0.0029549526516348124,0.07186438888311386,0.07186438888311386,0.5732824206352234,0.8790441155433655,0.9952229261398315,0.9975526332855225,1.0,0.02996196411550045,0.031094372272491455,0.014217961579561234,0.03142942860722542,,0.09063271433115005
tless_000007_000131_07,0.056244298815727234,0.0023219091817736626,0.08396034687757492,0.08396034687757492,0.6574882864952087,0.9020276665687561,0.9900230765342712,0.9993892908096313,1.0,0.029643625020980835,0.0266006737947464,0.015790170058608055,0.027089763432741165,,0.08722690492868423
tless_000007_000149_06,0.047956205904483795,0.0016016406007111073,0.1203988716006279,0.1203988716006279,0.7287963628768921,0.9655657410621643,0.9985330104827881,0.9990224838256836,1.0,0.023727716878056526,0.02422848902642727,0.015441682189702988,0.024495191872119904,,0.08752580732107162
tless_000007_000166_00,0.8907424211502075,0.47764909267425537,0.0,0.0,0.0,0.0,0.0,0.0,0.2710004150867462,0.6264777183532715,0.26426470279693604,0.04808967933058739,0.26426470279693604,,0.5555251240730286
tless_000007_000166_07,1.2129877805709839,0.817558228969574,0.0,0.0,0.0,0.0,0.0,0.0,0.05137963965535164,0.7830328941345215,0.4299548864364624,0.016789652407169342,0.4299548864364624,,1.0236927270889282
tless_000007_000179_04,0.04638407751917839,0.0018533419352024794,0.14736999571323395,0.14736999571323395,0.7723913192749023,0.944382905960083,0.9991447925567627,0.9991447925567627,0.9993892908096313,0.0230608768761158,0.02332320064306259,0.01040162704885006,0.0235272366553545,,0.15276451408863068
tless_000007_000185_03,0.9063082933425903,0.557835042476654,0.0,0.0,0.0,0.0,0.0,0.0034036075230687857,0.2160278707742691,0.7009148001670837,0.2053934931755066,0.010875959880650043,0.2053934931755066,,0.82606440782547
tless_000007_000185_06,1.0665205717086792,0.6834433674812317,0.0,0.0,0.0,0.0,0.0,0.0,0.11287721991539001,0.7497091889381409,0.31681135296821594,0.015069837681949139,0.31681135296821594,,0.9465386271476746
tless_000007_000196_07,0.05032438412308693,0.0018957576248794794,0.10174180567264557,0.10174180567264557,0.7236130237579346,0.9466385841369629,0.9939825534820557,0.9991447925567627,1.0,0.026573628187179565,0.023750755935907364,0.01364760659635067,0.02419627271592617,,0.11199533939361572
tless_000007_000207_07,0.05009763687849045,0.002026088535785675,0.10548560321331024,0.10548560321331024,0.7444676160812378,0.9397652745246887,0.9938589930534363,0.9984105825424194,1.0,0.026893436908721924,0.023204201832413673,0.014386538416147232,0.023759344592690468,,0.11585128307342529
tless_000007_000224_02,0.0318944938480854,0.0007361125899478793,0.22923403978347778,0.22923403978347778,0.9524016380310059,0.9970617294311523,0.9995114803314209,0.9995114803314209,1.0,0.016458699479699135,0.015435793437063694,0.020113375037908554,0.016083208844065666,,0.06507358700037003
tless_000007_000270_01,1.23935067653656,0.8029798269271851,0.0,0.0,0.0,0.0,0.0,0.0,0.002432573353871703,0.7329801917076111,0.506370484828949,0.03608182817697525,0.506370484828949,,0.4054616689682007
tless_000007_000270_06,0.9483763575553894,0.5822362899780273,0.0,0.0,0.0,0.0,0.0,0.0004660866397898644,0.17387427389621735,0.7089829444885254,0.2393934279680252,0.012430192902684212,0.2393934279680252,,0.8173704147338867
tless_000007_000289_03,1.4189131259918213,1.0261201858520508,0.0,0.0,0.0,0.0,0.0,0.0,0.0,0.795118510723114,0.6237946152687073,0.025349045172333717,0.6237946152687073,,0.2957477867603302
tless_000007_000289_06,0.9804962873458862,0.5743556618690491,0.0,0.0,0.0,0.0,0.0,0.0,0.1896132528781891,0.6844267845153809,0.296069473028183,0.009109796024858952,0.296069473028183,,0.6705489158630371
tless_000007_000299_05,0.03514903038740158,0.0008228810038417578,0.20307540893554688,0.20307540893554688,0.9030584096908569,0.9949871897697449,0.9996336698532104,0.9996336698532104,1.0,0.01673530787229538,0.01841372437775135,0.01779233105480671,0.019509999081492424,,0.05503604933619499
tless_000007_000306_02,1.396526575088501,1.0022892951965332,0.0,0.0,0.0,0.0,0.0,0.0,0.0,0.7993704080581665,0.5971561074256897,0.01776823215186596,0.5971561074256897,,0.3539668321609497
tless_000007_000314_06,0.9741705656051636,0.587965190410614,0.0,0.0,0.0,0.0,0.0,0.0,0.20547644793987274,0.7003183364868164,0.27385225892066956,0.009392859414219856,0.27385225892066956,,0.6762170195579529
tless_000007_000332_05,0.030425842851400375,0.0006462823366746306,0.29466694593429565,0.29466694593429565,0.9382073283195496,0.9908844828605652,0.9995114803314209,1.0,1.0,0.01700291596353054,0.01342292595654726,0.017222894355654716,0.013596666045486927,,0.025551656261086464
tless_000007_000358_00,0.02190582826733589,0.0006025254260748625,0.6090081930160522,0.6090081930160522,0.9739726185798645,0.9964520335197449,0.9971844553947449,0.9971844553947449,1.0,0.011904822662472725,0.010001005604863167,0.007761733140796423,0.01001100242137909,,0.05073310062289238
tless_000007_000391_00,0.017809830605983734,0.0002186642523156479,0.6858491897583008,0.6858491897583008,0.9896206259727478,0.9991447925567627,1.0,1.0,1.0,0.008873893879354,0.008935936726629734,0.11527646332979202,0.009141635149717331,,0.032597411423921585
tless_000007_000393_00,1.5234999656677246,1.1648083925247192,0.0,0.0,0.0,0.0,0.0,0.0,0.0,0.7962614297866821,0.7272385954856873,0.05371946096420288,0.7272385954856873,,0.16185937821865082
tless_000007_000393_01,1.0218149423599243,0.5832244157791138,0.0,0.0,0.0,0.0,0.0,0.0,0.01068479847162962,0.675426185131073,0.34638872742652893,0.008774474263191223,0.34638872742652893,,0.4281730651855469
tless_000007_000413_06,1.0584211349487305,0.6382550001144409,0.0,0.0,0.0,0.0,0.0,0.0,0.1742812544107437,0.7015397548675537,0.35688143968582153,0.00941274780780077,0.35688143968582153,,0.4806942045688629
tless_000007_000428_03,1.5568082332611084,1.218945026397705,0.0,0.0,0.0,0.0,0.0,0.0,0.0,0.8269989490509033,0.7298092842102051,0.07960965484380722,0.7298092842102051,,0.1634891927242279
tless_000007_000428_04,0.88169264793396,0.5153141021728516,0.0,0.0,0.0,0.0,0.0,0.00048777577467262745,0.24130527675151825,0.6707524061203003,0.21094022691249847,0.010989353060722351,0.21094022691249847,,0.8073133826255798
tless_000007_000428_05,0.927117645740509,0.4808177351951599,0.0,0.0,0.0,0.0,0.0,0.0,0.2869092524051666,0.6057052612304688,0.3214123845100403,0.00804807711392641,0.3214123845100403,,0.399498850107193
tless_000007_000428_06,0.823602020740509,0.4950489401817322,0.0,0.0,0.0,0.0,0.0,0.016924381256103516,0.36617469787597656,0.6578460931777954,0.16575591266155243,0.010508740320801735,0.16575591266155243,,0.7139937877655029
tless_000007_000435_01,1.7144666910171509,1.4699163436889648,0.0,0.0,0.0,0.0,0.0,0.0,0.0,0.8531699180603027,0.8612967729568481,0.09962830692529678,0.8612967729568481,,0.02041452005505562
tless_000007_000435_03,1.751659870147705,1.5343940258026123,0.0,0.0,0.0,0.0,0.0,0.0,0.0,0.870309591293335,0.8813502788543701,0.03890766203403473,0.8813502788543701,,0.02226191945374012
tless_000007_000441_03,0.0031255867797881365,7.235717021103483e-06,0.9997557997703552,0.9997557997703552,1.0,1.0,1.0,1.0,1.0,0.0016774004325270653,0.0014481863472610712,0.2406589239835739,0.0016322495648637414,,0.004398620221763849
tless_000007_000450_01,1.1565669775009155,0.6866101622581482,0.0,0.0,0.0,0.0,0.0,0.0,0.0009757271036505699,0.6600024700164795,0.49656447768211365,0.037865497171878815,0.49656447768211365,,0.2787545919418335
tless_000007_000478_00,2.614830493927002,3.433335304260254,0.0,0.0,0.0,0.0,0.0,0.0,0.0,1.3814465999603271,1.2333838939666748,0.35685595870018005,1.2333838939666748,,0.18797767162322998
tless_000007_000478_04,0.8517498970031738,0.4906936585903168,0.0,0.0,0.0,0.0,0.0,0.004859538748860359,0.30006223917007446,0.6521543264389038,0.19959554076194763,0.012721606530249119,0.19959554076194763,,0.861853301525116
tless_000008_000025_02,0.06787756085395813,0.003508106106892228,0.06784539669752121,0.06784539669752121,0.5384003520011902,0.8329497575759888,0.9784363508224487,0.9974299073219299,1.0,0.03485087677836418,0.03302668780088425,0.012895997613668442,0.033842701464891434,,0.10538557916879654
tless_000008_000053_05,0.0932895839214325,0.01052498072385788,0.10205020755529404,0.10205020755529404,0.5874342918395996,0.7417198419570923,0.8654360771179199,0.960350751876831,1.0,0.033347174525260925,0.05994240567088127,0.0495215468108654,0.06155019253492355,,0.14476168155670166
tless_000008_000059_04,0.06963609158992767,0.003763078711926937,0.045335233211517334,0.045335233211517334,0.5189271569252014,0.8520350456237793,0.9702679514884949,0.9996336698532104,1.0,0.034650012850761414,0.03498607873916626,0.014427915215492249,0.0357070155441761,,0.03589431568980217
tless_000008_000107_01,0.09099376201629639,0.007168114185333252,0.03072533756494522,0.03072533756494522,0.39766889810562134,0.7244347333908081,0.928493082523346,0.9814087152481079,1.0,0.039220988750457764,0.051772769540548325,0.009114593267440796,0.052756596356630325,,0.11723307520151138
tless_000008_000172_01,0.07882068306207657,0.004524447955191135,0.028990421444177628,0.028990421444177628,0.43212270736694336,0.7575322985649109,0.9708876609802246,0.9969388842582703,1.0,0.04233469069004059,0.03648599237203598,0.011041611433029175,0.03695981949567795,,0.1653100699186325
tless_000008_000173_01,0.09000389277935028,0.006389965303242207,0.03795917332172394,0.03795917332172394,0.38164186477661133,0.6970365047454834,0.9428022503852844,0.9914045333862305,1.0,0.04469345510005951,0.04531043395400047,0.010726739652454853,0.045765701681375504,,0.17026717960834503
tless_000008_000210_05,0.032056331634521484,0.0007210548501461744,0.285616397857666,0.285616397857666,0.9169880151748657,0.9869304895401001,0.9995114803314209,1.0,1.0,0.01648722030222416,0.0155691122636199,0.021669037640094757,0.016330065205693245,,0.023490965366363525
tless_000008_000264_02,0.050578661262989044,0.00223438604734838,0.13316479325294495,0.13316479325294495,0.7453880310058594,0.9246097207069397,0.9852215051651001,0.9977979063987732,1.0,0.024961305782198906,0.02561735361814499,0.010499771684408188,0.02648637816309929,,0.11770886182785034
tless_000008_000273_02,0.061138466000556946,0.003983682952821255,0.09381795674562454,0.09381795674562454,0.6441367268562317,0.8885642290115356,0.977657675743103,0.9960784316062927,0.9997557997703552,0.031702425330877304,0.02943604066967964,0.012174089439213276,0.03019806742668152,,0.12987066805362701
tless_000008_000277_05,0.029812119901180267,0.0007827309891581535,0.36608850955963135,0.36608850955963135,0.9295641183853149,0.9868090748786926,0.9993892908096313,0.9995114803314209,1.0,0.015028930269181728,0.014783188700675964,0.017909560352563858,0.015724077820777893,,0.11123311519622803
tless_000008_000434_05,0.002788243116810918,6.206854322954314e-06,0.9998779296875,0.9998779296875,1.0,1.0,1.0,1.0,1.0,0.0014511795016005635,0.0013370636152103543,0.011242139153182507,0.0019678091630339622,,0.0032998702954500914
tless_000008_000454_02,0.3096356689929962,0.08741658180952072,0.0036458333488553762,0.0036458333488553762,0.04523782059550285,0.1370272934436798,0.4259081482887268,0.7747262716293335,0.9619665741920471,0.15282794833183289,0.15680772066116333,0.02902260608971119,0.1569463610649109,,0.7827385067939758
tless_000008_000472_00,0.0028870063833892345,6.229012342373608e-06,0.9986554384231567,0.9986554384231567,1.0,1.0,1.0,1.0,1.0,0.0014347395626828074,0.001452266820706427,0.029125753790140152,0.001685872208327055,,0.004886454436928034
tless_000008_000491_01,0.32260674238204956,0.1048768013715744,0.003098707878962159,0.003098707878962159,0.04831312224268913,0.14926132559776306,0.45803532004356384,0.7545384168624878,0.9280993342399597,0.10312845557928085,0.2194782793521881,0.026485344395041466,0.2197129726409912,,0.3087291419506073
tless_000009_000000_10,0.06827349215745926,0.004102480597794056,0.0557108111679554,0.0557108111679554,0.578023374080658,0.8606002926826477,0.9661135673522949,0.9942296147346497,1.0,0.03933870047330856,0.028934789821505547,0.014688516966998577,0.02916782721877098,,0.13110856711864471
tless_000009_000011_01,0.043768495321273804,0.001513719791546464,0.1998102217912674,0.1998102217912674,0.7868255376815796,0.9384136199951172,0.9949885010719299,1.0,1.0,0.01922360248863697,0.024544892832636833,0.029715921729803085,0.02478741854429245,,0.046193402260541916
tless_000009_000021_08,0.06303352117538452,0.003138406202197075,0.05124540627002716,0.05124540627002716,0.5649415254592896,0.9006669521331787,0.9834967255592346,0.9963244199752808,1.0,0.034838080406188965,0.028195437043905258,0.013787134550511837,0.028520507737994194,,0.09877666085958481
tless_000009_000049_00,0.046322572976350784,0.0019049500115215778,0.1709008663892746,0.1709008663892746,0.7739412784576416,0.9438390135765076,0.9875313639640808,0.998778760433197,1.0,0.021870234981179237,0.024452337995171547,0.014777622185647488,0.024630749598145485,,0.0664297565817833
tless_000009_000068_11,0.07532165944576263,0.004669573158025742,0.058903768658638,0.058903768658638,0.49981239438056946,0.7797695994377136,0.9558966159820557,0.995586097240448,1.0,0.04373808205127716,0.031583577394485474,0.013366809114813805,0.03202873840928078,,0.02716825343668461
tless_000009_000091_04,0.05079767853021622,0.002267624717205763,0.08871673792600632,0.08871673792600632,0.7428252100944519,0.9441954493522644,0.9921334385871887,0.9960784316062927,1.0,0.02707669883966446,0.023720981553196907,0.012717355974018574,0.023908494040369987,,0.06367293745279312
tless_000009_000136_06,0.033221207559108734,0.0007594939670525491,0.2654953598976135,0.2654953598976135,0.9020732045173645,0.9913322925567627,0.999267041683197,1.0,1.0,0.016235480085015297,0.016985725611448288,0.019144387915730476,0.017046373337507248,,0.01426591444760561
tless_000009_000157_06,0.031731829047203064,0.0008334116428159177,0.30544036626815796,0.30544036626815796,0.9243050217628479,0.9907153844833374,0.9975526332855225,0.9991447925567627,1.0,0.016176631674170494,0.01555519551038742,0.014050891622900963,0.01564369909465313,,0.04016490653157234
tless_000009_000161_08,0.05955906957387924,0.003947610035538673,0.08030303567647934,0.08030303567647934,0.6904129981994629,0.9027354717254639,0.9711127877235413,0.9934881329536438,0.9991447925567627,0.0370226688683033,0.022536400705575943,0.009890031069517136,0.02297055907547474,,0.18940170109272003
tless_000009_000199_07,0.02944403886795044,0.0005866849096491933,0.33686065673828125,0.33686065673828125,0.9412575960159302,0.9953610897064209,0.9998779296875,1.0,1.0,0.014434774406254292,0.015009265393018723,0.028736218810081482,0.015089062042534351,,0.019441356882452965
tless_000009_000218_05,0.04299605265259743,0.0014298850437626243,0.1905854493379593,0.1905854493379593,0.8076305389404297,0.9502753615379333,0.9953396916389465,1.0,1.0,0.022994929924607277,0.02000112272799015,0.039614446461200714,0.020379526540637016,,0.07574561983346939
tless_000009_000262_06,0.03468339890241623,0.0009400513372384012,0.24459166824817657,0.24459166824817657,0.8907381892204285,0.9905980229377747,0.9990224838256836,0.999267041683197,1.0,0.016887085512280464,0.017796311527490616,0.011369060724973679,0.01790837198495865,,0.035602569580078125
tless_000009_000265_06,0.031928032636642456,0.0010027438402175903,0.2775101661682129,0.2775101661682129,0.9390439391136169,0.9886471033096313,0.9971844553947449,0.9971844553947449,1.0,0.017070045694708824,0.014857985079288483,0.008766872808337212,0.014973286539316177,,0.039558131247758865
tless_000009_000312_03,0.021369634196162224,0.0004836518783122301,0.6387655735015869,0.6387655735015869,0.973153293132782,0.9899747967720032,0.9970617294311523,1.0,1.0,0.010029615834355354,0.01134001836180687,0.00976320169866085,0.011518721468746662,,0.04047754406929016
tless_000009_000331_03,0.04640530049800873,0.0023817773908376694,0.13793253898620605,0.13793253898620605,0.8013947010040283,0.950240969657898,0.9950932264328003,0.9958323240280151,1.0,0.024567637592554092,0.021837661042809486,0.014004829339683056,0.021912291646003723,,0.09250441938638687
tless_000009_000345_10,0.05428719148039818,0.0025298604741692543,0.15456613898277283,0.15456613898277283,0.7028787136077881,0.862667977809906,0.9838663339614868,0.9995114803314209,1.0,0.027882743626832962,0.026404447853565216,0.017441609874367714,0.02700834721326828,,0.1315496414899826
tless_000009_000381_06,0.055299289524555206,0.0023123379796743393,0.07958310097455978,0.07958310097455978,0.6759960651397705,0.9112827181816101,0.9912022948265076,0.9984105825424194,1.0,0.029371190816164017,0.02592809684574604,0.015106464736163616,0.025972673669457436,,0.06274750083684921
tless_000009_000398_02,1.0054843425750732,0.8399831652641296,0.000244140625,0.000244140625,0.0034348061308264732,0.017369791865348816,0.0944237932562828,0.2714020311832428,0.567369282245636,0.5939875841140747,0.41149675846099854,0.0007513685268349946,0.41149675846099854,,1.5944808721542358
tless_000009_000398_09,0.002676747040823102,6.015959115757141e-06,1.0,1.0,1.0,1.0,1.0,1.0,1.0,0.001338211353868246,0.001338535686954856,0.029720114544034004,0.001857604132965207,,0.0051199812442064285
tless_000009_000415_00,0.014526757411658764,0.00015181698836386204,0.7929560542106628,0.7929560542106628,0.9949699640274048,1.0,1.0,1.0,1.0,0.00737050361931324,0.007156253792345524,0.07701654732227325,0.007225041277706623,,0.01633324660360813
tless_000009_000426_10,2.2505292892456055,4.020985126495361,0.000244140625,0.000244140625,0.000732421875,0.0011268028756603599,0.003155048005282879,0.006611282471567392,0.05536532402038574,1.5324113368988037,0.7181180119514465,0.002894523087888956,0.7181180119514465,,1.2997347116470337
tless_000009_000436_08,0.2658400535583496,0.060735221952199936,0.002704326994717121,0.002704326994717121,0.0653344988822937,0.1825425773859024,0.5044271349906921,0.800346314907074,0.9843747615814209,0.11500708758831024,0.15083295106887817,0.018389957025647163,0.15089164674282074,,0.28492045402526855
tless_000009_000440_00,0.07234271615743637,0.003994377329945564,0.07521111518144608,0.07521111518144608,0.5199410915374756,0.7692280411720276,0.9634057283401489,1.0,1.0,0.0308543611317873,0.04148835688829422,0.01335561741143465,0.041680820286273956,,0.06444176286458969
tless_000009_000465_08,0.311725914478302,0.11726807802915573,0.003046874888241291,0.003046874888241291,0.06282263249158859,0.18587464094161987,0.5294610857963562,0.800570547580719,0.9389788508415222,0.16137240827083588,0.15035349130630493,0.013201333582401276,0.15051941573619843,,0.9058175683021545
tless_000009_000491_02,2.841134548187256,5.183314800262451,0.0004185267898719758,0.0004185267898719758,0.003241356462240219,0.007832511328160763,0.017371786758303642,0.03866913914680481,0.11645735800266266,1.8920232057571411,0.9491112232208252,0.2080971896648407,0.9493405222892761,,1.5184599161148071
tless_000010_000026_00,0.08056764304637909,0.005536479409784079,0.06101074069738388,0.06101074069738388,0.5034896731376648,0.7600987553596497,0.9236525893211365,0.9981688261032104,1.0,0.033237386494874954,0.047330260276794434,0.013289271853864193,0.04814192280173302,,0.08217000961303711
tless_000010_000076_04,0.06652510166168213,0.0033639855682849884,0.0586087591946125,0.0586087591946125,0.5522071123123169,0.8544837236404419,0.9746103286743164,0.9993892908096313,1.0,0.032826684415340424,0.033698417246341705,0.013276870362460613,0.03428645804524422,,0.04275299981236458
tless_000010_000109_01,0.04870518296957016,0.0017683785408735275,0.12838037312030792,0.12838037312030792,0.7450255155563354,0.9340994358062744,0.9937354326248169,0.9998779296875,1.0,0.02424379251897335,0.02446138858795166,0.012718209065496922,0.025184450671076775,,0.04037296772003174
tless_000010_000118_05,0.0510672852396965,0.0021454684901982546,0.096294105052948,0.096294105052948,0.7438162565231323,0.9357826709747314,0.9897644519805908,0.9987778067588806,1.0,0.028513487428426743,0.02255379781126976,0.01108543761074543,0.023220574483275414,,0.10214445739984512
tless_000010_000138_04,0.06726378202438354,0.003443273715674877,0.06674394756555557,0.06674394756555557,0.5329972505569458,0.8490660786628723,0.9763109683990479,0.9976752996444702,1.0,0.0331675186753273,0.034096259623765945,0.013440679758787155,0.03485182672739029,,0.05542939901351929
tless_000010_000151_00,0.06412841379642487,0.004147478379309177,0.058984775096178055,0.058984775096178055,0.6056672930717468,0.8759697675704956,0.9850080609321594,0.9933644533157349,1.0,0.034134287387132645,0.029994124546647072,0.01023261807858944,0.030324786901474,,0.17703098058700562
tless_000010_000245_04,0.058279234915971756,0.0029517202638089657,0.07096906751394272,0.07096906751394272,0.6660651564598083,0.8950596451759338,0.9888583421707153,0.9976752996444702,1.0,0.03093477338552475,0.027344461530447006,0.012089243158698082,0.028098059818148613,,0.1491110473871231
tless_000010_000294_01,0.04051106795668602,0.001406592084094882,0.19778487086296082,0.19778487086296082,0.8347002863883972,0.9710354208946228,0.9974299073219299,0.9990224838256836,0.9998779296875,0.01994892582297325,0.02056214213371277,0.010246770456433296,0.0215561892837286,,0.1652928739786148
tless_000010_000357_01,0.053823672235012054,0.002579077146947384,0.11844293773174286,0.11844293773174286,0.673550546169281,0.9208579659461975,0.9910087585449219,0.9969388842582703,1.0,0.026910316199064255,0.0269133560359478,0.010992614552378654,0.027533970773220062,,0.1179787740111351
tless_000010_000359_01,0.034922365099191666,0.001078288652934134,0.2835390865802765,0.2835390865802765,0.88833087682724,0.9837489128112793,0.9968160390853882,0.9984105825424194,1.0,0.01717439666390419,0.017747968435287476,0.008239380083978176,0.018871454522013664,,0.08015576750040054
tless_000010_000361_00,0.03458872437477112,0.0013748074416071177,0.352448970079422,0.352448970079422,0.9017940759658813,0.9573839902877808,0.9813168048858643,0.9998779296875,1.0,0.015845350921154022,0.018743373453617096,0.0075171394273638725,0.02025246061384678,,0.06157534196972847
tless_000010_000397_05,0.049285292625427246,0.0030673067085444927,0.3074001967906952,0.3074001967906952,0.7814720869064331,0.8879531621932983,0.9536339044570923,0.9977979063987732,1.0,0.030589675530791283,0.018695618957281113,0.044025398790836334,0.02069435641169548,,0.14850150048732758
tless_000011_000041_02,0.06580917537212372,0.0031800041906535625,0.04448041692376137,0.04448041692376137,0.5456467866897583,0.8591750860214233,0.986327588558197,0.9979205131530762,1.0,0.03311019390821457,0.03269898518919945,0.0166745837777853,0.03303997591137886,,0.09587391465902328
tless_000011_000065_01,0.06254690885543823,0.002421687124297023,0.04775066673755646,0.04775066673755646,0.5096850991249084,0.8941998481750488,0.9977979063987732,1.0,1.0,0.032329753041267395,0.030217153951525688,0.016764691099524498,0.030671600252389908,,0.04044918343424797
tless_000011_000118_02,0.055076226592063904,0.00226901238784194,0.07807750999927521,0.07807750999927521,0.6542258262634277,0.9238240122795105,0.9971890449523926,0.9985330104827881,1.0,0.026666508987545967,0.028409717604517937,0.01497868075966835,0.028805898502469063,,0.09152823686599731
tless_000011_000136_01,0.05469539761543274,0.001874762587249279,0.06430302560329437,0.06430302560329437,0.6194216012954712,0.9505115151405334,0.9989001750946045,0.9996336698532104,1.0,0.02853325940668583,0.02616214007139206,0.014410441741347313,0.026705853641033173,,0.08742445707321167
tless_000011_000167_01,0.05059164762496948,0.0016581665258854628,0.08246832340955734,0.08246832340955734,0.684908926486969,0.9692330360412598,0.9987778067588806,0.9991447925567627,1.0,0.026769032701849937,0.023822616785764694,0.013196418061852455,0.024460168555378914,,0.05517446994781494
tless_000011_000207_01,0.04977557063102722,0.0017023504478856921,0.07603280991315842,0.07603280991315842,0.7092007398605347,0.9779617190361023,0.9981656074523926,0.9984105825424194,1.0,0.026838233694434166,0.022937336936593056,0.01365337148308754,0.02338329702615738,,0.08566411584615707
tless_000011_000297_02,0.030123062431812286,0.0009282173705287278,0.3043611943721771,0.3043611943721771,0.9427136182785034,0.9951070547103882,0.9990224838256836,0.9991447925567627,1.0,0.015670103952288628,0.014452957548201084,0.011096685193479061,0.01536479126662016,,0.14726868271827698
tless_000011_000316_03,0.030998598784208298,0.0009964965283870697,0.4416957199573517,0.4416957199573517,0.8984772562980652,0.9415438771247864,0.9992675185203552,0.9997557997703552,1.0,0.013584340922534466,0.017414258792996407,0.020540308207273483,0.01881091110408306,,0.1116723120212555
tless_000011_000346_03,0.0261604655534029,0.0007636449881829321,0.47681668400764465,0.47681668400764465,0.9540593028068542,0.9913326501846313,0.9971844553947449,0.9979205131530762,1.0,0.013226630166172981,0.01293383538722992,0.020897112786769867,0.013441759161651134,,0.08775123208761215
tless_000011_000374_00,0.04183148220181465,0.0012676091864705086,0.15669623017311096,0.15669623017311096,0.8281108736991882,0.9723385572433472,0.9976752996444702,0.9990224838256836,1.0,0.021684430539608,0.02014705166220665,0.011551329866051674,0.02083822526037693,,0.061961907893419266
tless_000011_000401_00,0.02732624113559723,0.0005452448967844248,0.43784862756729126,0.43784862756729126,0.9212284684181213,0.9986554384231567,1.0,1.0,1.0,0.01249122153967619,0.014835020527243614,0.03425374999642372,0.015840312466025352,,0.02393324114382267
tless_000011_000455_03,0.0038583269342780113,1.2727828107017558e-05,0.9945998787879944,0.9945998787879944,1.0,1.0,1.0,1.0,1.0,0.0022107332479208708,0.0016475938027724624,0.005529068410396576,0.0021680155768990517,,0.007029922213405371
tless_000011_000495_02,0.04417197406291962,0.0015346006257459521,0.1569727659225464,0.1569727659225464,0.8098649978637695,0.9510944485664368,0.9942296147346497,0.999267041683197,1.0,0.02459177002310753,0.019580205902457237,0.019820962101221085,0.020011071115732193,,0.05521881580352783
tless_000012_000026_05,0.0616580992937088,0.0026932135224342346,0.05660925805568695,0.05660925805568695,0.5707772374153137,0.8886826038360596,0.991779088973999,0.9986554384231567,1.0,0.031064188107848167,0.030593913048505783,0.014486171305179596,0.03112405352294445,,0.06454730033874512
tless_000012_000030_05,0.06136331707239151,0.002746631857007742,0.05214641988277435,0.05214641988277435,0.5959633588790894,0.8904643058776855,0.9881497621536255,0.9989001750946045,1.0,0.02932148240506649,0.03204183280467987,0.015401012264192104,0.03265681490302086,,0.0446288175880909
tless_000012_000073_05,0.06713102757930756,0.003447128925472498,0.041656672954559326,0.041656672954559326,0.5326396226882935,0.8633714318275452,0.9833402037620544,0.9976752996444702,1.0,0.03278563916683197,0.034345392137765884,0.015194736421108246,0.03457425907254219,,0.04385538771748543
tless_000012_000105_04,0.0675663948059082,0.0029297582805156708,0.04419012740254402,0.04419012740254402,0.4663054049015045,0.8439724445343018,0.9952164888381958,0.9991447925567627,1.0,0.034773629158735275,0.03279276192188263,0.016934534534811974,0.03313414379954338,,0.07674936205148697
tless_000012_000135_01,0.04115959629416466,0.001228186534717679,0.1574067324399948,0.1574067324399948,0.8283093571662903,0.9717936515808105,0.9989001750946045,0.9993892908096313,1.0,0.020197199657559395,0.020962396636605263,0.029477039352059364,0.02110348455607891,,0.03959659859538078
tless_000012_000135_05,0.053136326372623444,0.0020805096719413996,0.08414970338344574,0.08414970338344574,0.6891780495643616,0.9293058514595032,0.9974353313446045,0.998288094997406,1.0,0.026179417967796326,0.026956908404827118,0.014270806685090065,0.0272492878139019,,0.0740664005279541
tless_000012_000168_01,0.033913783729076385,0.0008216701098717749,0.2676737904548645,0.2676737904548645,0.8940299153327942,0.9859389066696167,0.999267041683197,0.9997557997703552,1.0,0.016590457409620285,0.01732332818210125,0.03277308866381645,0.0174042209982872,,0.03882014751434326
tless_000012_000175_00,0.06740130484104156,0.004419904202222824,0.051133185625076294,0.051133185625076294,0.5889453887939453,0.8630709052085876,0.9745001792907715,0.9908844828605652,1.0,0.03935057297348976,0.028050731867551804,0.014181386679410934,0.02806854248046875,,0.14915895462036133
tless_000012_000175_05,0.04697572439908981,0.0018631145358085632,0.11124465614557266,0.11124465614557266,0.7741657495498657,0.9611557126045227,0.9980430603027344,0.9980430603027344,1.0,0.02384837158024311,0.023127352818846703,0.011658044531941414,0.02376405894756317,,0.13792069256305695
tless_000012_000202_03,0.07100020349025726,0.004653779789805412,0.045893363654613495,0.045893363654613495,0.5114810466766357,0.8520621061325073,0.9769285321235657,0.990386962890625,1.0,0.03951697796583176,0.03148322552442551,0.014713640324771404,0.031720589846372604,,0.1581207513809204
tless_000012_000206_03,0.06360623240470886,0.0033855000510811806,0.049372654408216476,0.049372654408216476,0.5793085694313049,0.893338143825531,0.9833705425262451,0.992745578289032,1.0,0.03478029742836952,0.02882593497633934,0.01282615028321743,0.029068652540445328,,0.11920654773712158
tless_000012_000259_04,0.04575037211179733,0.0014142469735816121,0.09761389344930649,0.09761389344930649,0.7829168438911438,0.9836425185203552,0.9981656074523926,0.9989001750946045,1.0,0.023906033486127853,0.02184433676302433,0.01094956137239933,0.022339822724461555,,0.1017465591430664
tless_000012_000298_03,0.042191095650196075,0.0013426054501906037,0.15463702380657196,0.15463702380657196,0.8328894972801208,0.969601035118103,0.9919142723083496,1.0,1.0,0.02101859264075756,0.021172503009438515,0.040982212871313095,0.021633857861161232,,0.10499701648950577
tless_000012_000331_01,0.023013334721326828,0.00044137489749118686,0.5525442361831665,0.5525442361831665,0.9629601836204529,0.9970617294311523,0.998288094997406,1.0,1.0,0.012037578038871288,0.010975755751132965,0.008163048885762691,0.010990002192556858,,0.03041154146194458
tless_000012_000343_02,0.02344989776611328,0.00040902046021074057,0.4975670874118805,0.4975670874118805,0.981933057308197,0.9995114803314209,0.9996336698532104,0.9996336698532104,1.0,0.011516587808728218,0.011933309957385063,0.021012278273701668,0.012029281817376614,,0.07619649171829224
tless_000012_000356_04,0.04016558453440666,0.00098818214610219,0.12796692550182343,0.12796692550182343,0.8587966561317444,0.9916953444480896,1.0,1.0,1.0,0.020466240122914314,0.019699344411492348,0.030637530609965324,0.020039409399032593,,0.026635468006134033
tless_000012_000392_05,0.026800811290740967,0.0004698223783634603,0.35499775409698486,0.35499775409698486,0.9632973074913025,0.9974311590194702,1.0,1.0,1.0,0.01434030570089817,0.012460505589842796,0.01610148511826992,0.013070189394056797,,0.011458098888397217
tless_000012_000415_05,0.026747899129986763,0.0004818231682293117,0.3937322199344635,0.3937322199344635,0.9519790410995483,0.9987792372703552,1.0,1.0,1.0,0.013523876667022705,0.013224022462964058,0.018328607082366943,0.013614151626825333,,0.017112016677856445
tless_000012_000459_01,0.011520699597895145,0.00011550055933184922,0.8467695713043213,0.8467695713043213,0.9921259880065918,1.0,1.0,1.0,1.0,0.004759903997182846,0.006760795600712299,0.030091576278209686,0.006921305786818266,,0.015666767954826355
tless_000013_000003_01,0.08207539469003677,0.005133782513439655,0.02612639218568802,0.02612639218568802,0.3939295709133148,0.759385883808136,0.9640954732894897,0.9957274198532104,1.0,0.0420825332403183,0.039992861449718475,0.014235788024961948,0.04065685719251633,,0.06801752001047134
tless_000013_000012_00,0.06630781292915344,0.0036578457802534103,0.07001189142465591,0.07001189142465591,0.5720060467720032,0.8577880859375,0.9738417267799377,0.9949699640274048,1.0,0.032848745584487915,0.033459071069955826,0.011371379718184471,0.03417207673192024,,0.07550380378961563
tless_000013_000030_03,0.07931984961032867,0.004629859700798988,0.036878082901239395,0.036878082901239395,0.41802340745925903,0.7790169715881348,0.9622430801391602,0.998779296875,1.0,0.03909996151924133,0.04021988436579704,0.013286292552947998,0.040683843195438385,,0.08694148063659668
tless_000013_000039_00,0.06296961009502411,0.003395287785679102,0.08913590759038925,0.08913590759038925,0.6073062419891357,0.8781896829605103,0.9765488505363464,0.999267041683197,1.0,0.029600534588098526,0.033369071781635284,0.012471092864871025,0.034033503383398056,,0.05243377014994621
tless_000013_000042_07,0.07837222516536713,0.005466431844979525,0.06982080638408661,0.06982080638408661,0.5437555313110352,0.7714900970458984,0.9325485825538635,0.9948657751083374,1.0,0.03653295338153839,0.041839271783828735,0.01343593094497919,0.04267561435699463,,0.06419184058904648
tless_000013_000050_02,0.10277274996042252,0.007580962032079697,0.015529632568359375,0.015529632568359375,0.25653234124183655,0.5875088572502136,0.9304298162460327,0.9926217198371887,1.0,0.05588217452168465,0.04689057543873787,0.01707340031862259,0.04727896675467491,,0.11197435855865479
tless_000013_000084_04,1.9661073684692383,3.2065608501434326,0.0005859375232830644,0.0005859375232830644,0.0035978618543595076,0.011423093266785145,0.03085014782845974,0.08458875864744186,0.24148453772068024,1.5020121335983276,0.46409520506858826,0.000635557749774307,0.46431854367256165,,4.126155376434326
tless_000013_000084_07,0.08825235068798065,0.005988773424178362,0.035315148532390594,0.035315148532390594,0.3711237907409668,0.7149452567100525,0.921225905418396,0.9996336698532104,1.0,0.04268650338053703,0.04556584730744362,0.01258296798914671,0.04575127735733986,,0.0972423180937767
tless_000013_000098_07,0.06565309315919876,0.0030925734899938107,0.06774879992008209,0.06774879992008209,0.5529723167419434,0.8303990364074707,0.9864212274551392,0.9997557997703552,1.0,0.034778889268636703,0.030874205753207207,0.016011454164981842,0.031036995351314545,,0.03557189181447029
tless_000013_000109_05,0.05674108862876892,0.003082235576584935,0.1284675896167755,0.1284675896167755,0.700855553150177,0.8986653089523315,0.9673515558242798,0.9981656074523926,1.0,0.032481808215379715,0.024259280413389206,0.008839032612740993,0.02579394541680813,,0.16139960289001465
tless_000013_000128_00,0.07199886441230774,0.00355579424649477,0.047459933906793594,0.047459933906793594,0.4609966278076172,0.8068804740905762,0.9833981990814209,0.9995114803314209,1.0,0.03629924729466438,0.035699617117643356,0.014211827889084816,0.03583678975701332,,0.06249670311808586
tless_000013_000186_03,0.05901872739195824,0.0032457741908729076,0.09941672533750534,0.09941672533750534,0.6479467153549194,0.9009751081466675,0.9786281585693359,0.9971844553947449,1.0,0.02942216396331787,0.029596563428640366,0.011347148567438126,0.03012116067111492,,0.11101660877466202
tless_000013_000197_05,0.05156777799129486,0.00232826080173254,0.11284815520048141,0.11284815520048141,0.7294447422027588,0.9203696846961975,0.9929965734481812,0.9974299073219299,0.9997557997703552,0.026723459362983704,0.024844320490956306,0.009205348789691925,0.02577984891831875,,0.21003498136997223
tless_000013_000242_06,0.04769106209278107,0.0021818866953253746,0.18137545883655548,0.18137545883655548,0.7940064072608948,0.9137158393859863,0.9842681884765625,0.999267041683197,1.0,0.021979669108986855,0.025711391121149063,0.009853541851043701,0.026287326589226723,,0.15643496811389923
tless_000013_000247_00,0.054819390177726746,0.00271531380712986,0.1857275664806366,0.1857275664806366,0.6846005320549011,0.848808765411377,0.978090763092041,1.0,1.0,0.020422035828232765,0.03439735621213913,0.016779093071818352,0.03593820706009865,,0.08649786561727524
tless_000013_000256_00,0.04268844798207283,0.001391095807775855,0.18018470704555511,0.18018470704555511,0.8191124796867371,0.9561893343925476,0.9948466420173645,0.9998779296875,1.0,0.022785089910030365,0.019903358072042465,0.023209769278764725,0.020282035693526268,,0.05311272665858269
tless_000013_000312_05,0.023680079728364944,0.00041220817365683615,0.4902227818965912,0.4902227818965912,0.9576011300086975,0.9984130859375,0.9998779296875,1.0,1.0,0.012624568305909634,0.011055510491132736,0.007679680362343788,0.012016424909234047,,0.055045872926712036
tless_000013_000314_06,0.035836152732372284,0.0010373282711952925,0.29394450783729553,0.29394450783729553,0.8728761672973633,0.9705755114555359,0.9984112977981567,0.9998779296875,1.0,0.018088456243276596,0.01774769462645054,0.009114490821957588,0.018489858135581017,,0.08619996160268784
tless_000013_000335_03,0.08742164075374603,0.008155868388712406,0.08582158386707306,0.08582158386707306,0.5452615022659302,0.7286215424537659,0.8870975375175476,0.9758127927780151,1.0,0.029840465635061264,0.05758117884397507,0.10552731901407242,0.05844265595078468,,0.0051409401930868626
tless_000013_000358_04,0.08933510631322861,0.006406988017261028,0.04418810456991196,0.04418810456991196,0.3981764018535614,0.6856451034545898,0.9276126027107239,0.9908888339996338,1.0,0.03757479414343834,0.05176031216979027,0.019144579768180847,0.05296250805258751,,0.12805640697479248
tless_000013_000372_02,0.005033371038734913,2.2715385057381354e-05,0.9791900515556335,0.9791900515556335,1.0,1.0,1.0,1.0,1.0,0.002838278654962778,0.0021950923837721348,0.00378784048371017,0.0026541990227997303,,0.01642961986362934
tless_000013_000374_02,0.004939813166856766,1.893840089906007e-05,0.9942601919174194,0.9942601919174194,1.0,1.0,1.0,1.0,1.0,0.002310134470462799,0.0026296789292246103,0.0024116449058055878,0.003199315397068858,,0.0052316575311124325
tless_000013_000399_07,0.0431324765086174,0.0015920560108497739,0.16593113541603088,0.16593113541603088,0.8147838115692139,0.958495557308197,0.9959698915481567,0.998288094997406,1.0,0.022691993042826653,0.0204404816031456,0.010490388609468937,0.02118103951215744,,0.0873880609869957
tless_000013_000421_05,0.15543223917484283,0.03834180906414986,0.05524187907576561,0.05524187907576561,0.4915538430213928,0.6533116698265076,0.7677233219146729,0.8489823937416077,0.9949699640274048,0.028857547789812088,0.12657469511032104,0.006977474316954613,0.12848857045173645,,0.1588222235441208
tless_000013_000456_04,0.18993490934371948,0.02687707729637623,0.0036857358645647764,0.0036857358645647764,0.07627452164888382,0.22708149254322052,0.6420519948005676,0.9197921752929688,0.9996336698532104,0.08045002073049545,0.10948489606380463,0.013103030622005463,0.10958117991685867,,0.20622193813323975
tless_000013_000466_01,0.1156601756811142,0.011602584272623062,0.01770186796784401,0.01770186796784401,0.2583506107330322,0.557746171951294,0.9001699686050415,0.9693595767021179,0.9993892908096313,0.06107577681541443,0.05458439886569977,0.01801982894539833,0.054735418409109116,,0.2727566659450531
tless_000013_000478_05,0.19143910706043243,0.03159985691308975,0.005919164512306452,0.005919164512306452,0.11109545826911926,0.3028945326805115,0.6833223700523376,0.890657901763916,0.999022901058197,0.07483994215726852,0.11659916490316391,0.02116427943110466,0.1169244572520256,,0.13992898166179657
tless_000013_000480_04,0.1527039259672165,0.017406299710273743,0.00853794626891613,0.00853794626891613,0.12607820332050323,0.3602992594242096,0.7608264088630676,0.9742302894592285,0.9998779296875,0.07246707379817963,0.08023685216903687,0.019772104918956757,0.08025211840867996,,0.12276116758584976
tless_000013_000490_05,0.005412586964666843,2.3110485926736146e-05,0.9848822951316833,0.9848822951316833,1.0,1.0,1.0,1.0,1.0,0.003161451779305935,0.002251134952530265,0.009408308193087578,0.0024887900799512863,,0.012176266871392727
tless_000014_000003_04,0.0707576721906662,0.0036968104541301727,0.04685252159833908,0.04685252159833908,0.4842852056026459,0.8489960432052612,0.9699435830116272,0.9989001750946045,1.0,0.036159638315439224,0.03459803760051727,0.012458129785954952,0.03522359952330589,,0.07768861204385757
tless_000014_000026_05,0.060891490429639816,0.0028802030719816685,0.059140823781490326,0.059140823781490326,0.6258324980735779,0.9078640341758728,0.9763974547386169,0.9990224838256836,1.0,0.030747929587960243,0.030143560841679573,0.010755429975688457,0.030898602679371834,,0.10046084970235825
tless_000014_000027_02,0.06955327093601227,0.0037473244592547417,0.0619419626891613,0.0619419626891613,0.5308976769447327,0.8219245076179504,0.9682992100715637,0.9984105825424194,1.0,0.036422617733478546,0.03313065692782402,0.012419741600751877,0.03345082700252533,,0.118885837495327
tless_000014_000036_04,0.0676863044500351,0.0034608214627951384,0.04319452866911888,0.04319452866911888,0.5437933802604675,0.8596744537353516,0.9750638604164124,0.9985330104827881,1.0,0.03286327049136162,0.03482303023338318,0.013550125993788242,0.035511136054992676,,0.15132111310958862
tless_000014_000038_04,0.07005779445171356,0.003786717541515827,0.05438971519470215,0.05438971519470215,0.5048256516456604,0.8494914174079895,0.9718570709228516,0.9984105825424194,1.0,0.03499895706772804,0.03505884110927582,0.01396187860518694,0.036141522228717804,,0.08779265731573105
tless_000014_000070_01,0.07575395703315735,0.00397181510925293,0.033862825483083725,0.033862825483083725,0.43432870507240295,0.7997292876243591,0.9698678851127625,0.9997557997703552,1.0,0.03562670573592186,0.04012725502252579,0.010700627230107784,0.0403013713657856,,0.037067849189043045
tless_000014_000096_03,0.05475662648677826,0.0036624872591346502,0.10837703943252563,0.10837703943252563,0.7394747138023376,0.9225707650184631,0.9818549156188965,0.9966931939125061,0.9993892908096313,0.0282149538397789,0.02654167078435421,0.010524214245378971,0.02725609764456749,,0.13430960476398468
tless_000014_000111_03,0.043168339878320694,0.0017494156491011381,0.19316251575946808,0.19316251575946808,0.8235575556755066,0.9421260952949524,0.9866609573364258,0.9991447925567627,1.0,0.02105279639363289,0.022115543484687805,0.012478222139179707,0.023477815091609955,,0.07790311425924301
tless_000014_000195_02,0.0910707339644432,0.007395526394248009,0.04639051482081413,0.04639051482081413,0.42298945784568787,0.6968722939491272,0.9215179085731506,0.9886407852172852,1.0,0.04997429996728897,0.041096433997154236,0.009732198901474476,0.0417759045958519,,0.10024688392877579
tless_000014_000243_02,0.10200511664152145,0.00824236311018467,0.025353064760565758,0.025353064760565758,0.31883105635643005,0.628285825252533,0.9073476195335388,0.9902672171592712,1.0,0.05501668527722359,0.04698843136429787,0.01356979738920927,0.047443900257349014,,0.13771434128284454
tless_000014_000282_02,0.10186179727315903,0.008882163092494011,0.03727532550692558,0.03727532550692558,0.3748040795326233,0.6354870200157166,0.8825963139533997,0.9864077568054199,1.0,0.040506601333618164,0.06135519593954086,0.011141239665448666,0.06261175870895386,,0.09807225316762924
tless_000014_000295_01,0.046103425323963165,0.0028219118248671293,0.41926196217536926,0.41926196217536926,0.7970962524414062,0.8528574109077454,0.9402909874916077,1.0,1.0,0.013047875836491585,0.03305554762482643,0.01893668994307518,0.03668099269270897,,0.04305117204785347
tless_000014_000302_03,0.03416614234447479,0.001006171922199428,0.2721196413040161,0.2721196413040161,0.9149937629699707,0.9734824299812317,0.9889697432518005,1.0,1.0,0.01653500460088253,0.01763113960623741,0.014135636389255524,0.019206015393137932,,0.060428302735090256
tless_000014_000360_04,0.004644489847123623,1.581182368681766e-05,0.9987778067588806,0.9987778067588806,1.0,1.0,1.0,1.0,1.0,0.0023471838794648647,0.0022973057348281145,0.013929648324847221,0.0028510428965091705,,0.0022001515608280897
tless_000014_000374_03,0.01770087704062462,0.00027524196775630116,0.7155181765556335,0.7155181765556335,0.983103334903717,0.9962014555931091,0.9993892908096313,1.0,1.0,0.00919906236231327,0.008501814678311348,0.01313682273030281,0.009922263212502003,,0.03351525589823723
tless_000014_000452_00,0.0035305842757225037,1.0531892257858999e-05,0.992257297039032,0.992257297039032,1.0,1.0,1.0,1.0,1.0,0.0015735082561150193,0.001957076136022806,0.007935591973364353,0.002609084127470851,,0.006338844075798988
tless_000014_000474_06,110.39302062988281,6113.75390625,0.0,0.0,0.0,0.0,0.0,0.0,0.0,57.9627571105957,52.430267333984375,2.8767262847395614e-06,52.430267333984375,,8.114376068115234
tless_000014_000493_05,3.2119874954223633,5.171812534332275,0.0,0.0,0.0,0.0,0.0,0.0,0.0,1.6643147468566895,1.5476728677749634,0.15435992181301117,1.5476728677749634,,0.2751242220401764
tless_000015_000027_03,0.0688362717628479,0.0038190276827663183,0.0813276544213295,0.0813276544213295,0.5514995455741882,0.8103041648864746,0.9737210869789124,0.9980430603027344,1.0,0.034725893288850784,0.034110378473997116,0.010833325795829296,0.035297930240631104,,0.09397002309560776
tless_000015_000199_01,0.045820124447345734,0.0014802583027631044,0.10575032234191895,0.10575032234191895,0.7864958047866821,0.9699919819831848,0.9974299073219299,0.999267041683197,1.0,0.02373858354985714,0.022081539034843445,0.011963887140154839,0.022580640390515327,,0.06944552809000015
tless_000015_000199_04,0.02996179088950157,0.0005908268503844738,0.3045327961444855,0.3045327961444855,0.9383696913719177,0.9987783432006836,0.9998779296875,1.0,1.0,0.0159639660269022,0.013997824862599373,0.01215504389256239,0.014489657245576382,,0.03747944161295891
tless_000015_000223_05,0.015956152230501175,0.00015742768300697207,0.7417810559272766,0.7417810559272766,0.9984112977981567,1.0,1.0,1.0,1.0,0.008134175091981888,0.007821978069841862,0.00944370124489069,0.008252868428826332,,0.0033666491508483887
tless_000015_000315_02,0.03717862442135811,0.0009970390237867832,0.18009257316589355,0.18009257316589355,0.8852072954177856,0.9840008020401001,0.9990224838256836,0.9997557997703552,1.0,0.019752340391278267,0.01742628403007984,0.009655257686972618,0.017975863069295883,,0.05404531955718994
tless_000015_000319_05,0.013149989768862724,0.0001278171403100714,0.8645634055137634,0.8645634055137634,0.998779296875,0.9995114803314209,0.9995114803314209,1.0,1.0,0.006764380261301994,0.006385609041899443,0.006767112761735916,0.006622602231800556,,0.0482521653175354
tless_000015_000390_01,0.006682728882879019,4.312484816182405e-05,0.9315093755722046,0.9315093755722046,1.0,1.0,1.0,1.0,1.0,0.002260131761431694,0.004422597121447325,0.10165892541408539,0.005758834537118673,,0.00621960312128067
tless_000015_000400_04,0.035041213035583496,0.001283179735764861,0.35937318205833435,0.35937318205833435,0.8931970000267029,0.9479546546936035,0.9858875870704651,1.0,1.0,0.020013263449072838,0.015027947723865509,0.01050338614732027,0.016423068940639496,,0.05986259505152702
tless_000015_000502_04,7.067839622497559,25.048078536987305,0.0,0.0,0.0,0.0,0.0,0.0,0.0,3.6721351146698,3.395704507827759,0.035844240337610245,3.395704507827759,,0.45522966980934143
tless_000016_000017_06,0.05890645459294319,0.0024457834661006927,0.09884557873010635,0.09884557873010635,0.5884999632835388,0.8771179914474487,0.9946049451828003,0.9991447925567627,1.0,0.028017226606607437,0.030889227986335754,0.016883432865142822,0.031114106997847557,,0.04378853365778923
tless_000016_000030_00,0.054262056946754456,0.0030385665595531464,0.1686282604932785,0.1686282604932785,0.6828612685203552,0.9129729270935059,0.9841422438621521,0.9969388842582703,0.9996336698532104,0.02987993322312832,0.024382123723626137,0.012835194356739521,0.025204727426171303,,0.12868697941303253
tless_000016_000047_02,0.05565401911735535,0.0022736191749572754,0.13367782533168793,0.13367782533168793,0.620836615562439,0.8900072574615479,0.9947506189346313,0.9995114803314209,1.0,0.02655106969177723,0.029102947562932968,0.015390059910714626,0.02951776795089245,,0.07389876991510391
tless_000016_000050_00,0.04694260656833649,0.0020015304908156395,0.26372960209846497,0.26372960209846497,0.7162462472915649,0.9202390909194946,0.9947258234024048,0.9990224838256836,1.0,0.022559791803359985,0.024382812902331352,0.014920108020305634,0.024616066366434097,,0.06677142530679703
tless_000016_000054_01,0.054029952734708786,0.0031242547556757927,0.1798592209815979,0.1798592209815979,0.6774252653121948,0.8910064697265625,0.9866889119148254,0.9969388842582703,1.0,0.02584052085876465,0.028189431875944138,0.014390455558896065,0.028582695871591568,,0.13910074532032013
tless_000016_000147_01,0.04863162711262703,0.001984104746952653,0.17828765511512756,0.17828765511512756,0.7279631495475769,0.9281686544418335,0.9932854175567627,0.9990224838256836,1.0,0.02405313029885292,0.02457849681377411,0.011965193785727024,0.025005273520946503,,0.061800360679626465
tless_000016_000162_06,0.040459223091602325,0.0013720288407057524,0.19408577680587769,0.19408577680587769,0.8333298563957214,0.9770351648330688,0.9975526332855225,0.9993892908096313,1.0,0.019872643053531647,0.02058657817542553,0.012892483733594418,0.020921263843774796,,0.1278858333826065
tless_000016_000164_03,0.0552915558218956,0.003763883840292692,0.08771948516368866,0.08771948516368866,0.7354682087898254,0.9440041184425354,0.9847564697265625,0.9931170344352722,0.9998779296875,0.03133353963494301,0.02395801432430744,0.011907961219549179,0.02449442632496357,,0.15467993915081024
tless_000016_000236_07,0.05488942191004753,0.00196410552598536,0.07042420655488968,0.07042420655488968,0.6197618842124939,0.9448080658912659,0.9975526332855225,0.9993892908096313,1.0,0.027844754979014397,0.027044666931033134,0.01656191796064377,0.027268795296549797,,0.029687166213989258
tless_000016_000254_03,0.05185195803642273,0.0023071998730301857,0.11478258669376373,0.11478258669376373,0.7414069175720215,0.9114832878112793,0.9853851795196533,0.9995114803314209,1.0,0.02568087726831436,0.026171082630753517,0.018478866666555405,0.026811184361577034,,0.11606880277395248
tless_000016_000335_06,0.03626361861824989,0.0011906076688319445,0.3501410484313965,0.3501410484313965,0.8518549799919128,0.9252590537071228,0.9993892908096313,1.0,1.0,0.014338144101202488,0.02192547544836998,0.03803323581814766,0.023751193657517433,,0.03232686594128609
tless_000016_000354_03,0.06399475038051605,0.0037947462406009436,0.05409058928489685,0.05409058928489685,0.6017830967903137,0.9012324213981628,0.9802066683769226,0.9929932355880737,1.0,0.035959914326667786,0.028034837916493416,0.012963997200131416,0.028254184871912003,,0.17549823224544525
tless_000016_000368_04,0.025110570713877678,0.0008470829343423247,0.6727733016014099,0.6727733016014099,0.8902736306190491,0.9444659352302551,0.9974299073219299,1.0,1.0,0.01694558560848236,0.008164985105395317,0.0073234084993600845,0.009112752974033356,,0.0853237509727478
tless_000016_000373_01,0.03175172209739685,0.0008339029736816883,0.35738465189933777,0.35738465189933777,0.9090840816497803,0.9761955142021179,0.9993892908096313,0.9998779296875,1.0,0.01608964242041111,0.01566208153963089,0.02952639013528824,0.01607620157301426,,0.10994035750627518
tless_000016_000402_05,0.031301312148571014,0.0007060251082293689,0.284457802772522,0.284457802772522,0.9438635110855103,0.9938589930534363,0.9990224838256836,0.9993892908096313,1.0,0.015929998829960823,0.015371313318610191,0.02382984198629856,0.015658706426620483,,0.07137271016836166
tless_000016_000457_01,0.043455109000205994,0.0018507905770093203,0.15554195642471313,0.15554195642471313,0.8363837003707886,0.9626895189285278,0.9908844828605652,0.9952164888381958,1.0,0.025517737492918968,0.017937369644641876,0.014892064966261387,0.018094606697559357,,0.07535445690155029
tless_000016_000488_03,0.002355665434151888,4.432032710610656e-06,0.9993892908096313,0.9993892908096313,1.0,1.0,1.0,1.0,1.0,0.0011717253364622593,0.0011839400976896286,0.004143043886870146,0.0012187130050733685,,0.000938092649448663
tless_000017_000003_00,0.0670844167470932,0.0036652430426329374,0.04937490448355675,0.04937490448355675,0.5226904153823853,0.8625215291976929,0.985508382320404,0.9963244199752808,1.0,0.03416800498962402,0.03291641175746918,0.013348186388611794,0.03314248099923134,,0.1226896271109581
tless_000017_000066_04,0.06251338124275208,0.0031890759710222483,0.056774068623781204,0.056774068623781204,0.5842453241348267,0.8929592967033386,0.9828981757164001,0.9970617294311523,1.0,0.03522703796625137,0.027286343276500702,0.012845396995544434,0.027733489871025085,,0.10037505626678467
tless_000017_000080_05,0.04917372763156891,0.0015237118350341916,0.09492039680480957,0.09492039680480957,0.7037865519523621,0.9716128706932068,0.9997557997703552,0.9997557997703552,1.0,0.024798857048153877,0.02437487244606018,0.012393282726407051,0.024878809228539467,,0.07202575355768204
tless_000017_000086_01,0.06546839326620102,0.003514290088787675,0.056670498102903366,0.056670498102903366,0.5492033958435059,0.8747930526733398,0.9823772311210632,0.9959554076194763,1.0,0.03443671017885208,0.03103168122470379,0.014269664883613586,0.031164539977908134,,0.13164646923542023
tless_000017_000107_01,0.07562723010778427,0.005170451011508703,0.04312461242079735,0.04312461242079735,0.4496009945869446,0.8155392408370972,0.9816063046455383,0.9917538166046143,1.0,0.039021678268909454,0.03660555183887482,0.0148832518607378,0.0369030125439167,,0.09574995189905167
tless_000017_000113_01,0.0697285383939743,0.003936566412448883,0.049612440168857574,0.049612440168857574,0.5257320404052734,0.848217248916626,0.9732416272163391,0.9958323240280151,1.0,0.034219928085803986,0.03550861403346062,0.0113555658608675,0.035847172141075134,,0.100949227809906
tless_000017_000196_04,0.07083739340305328,0.004441394470632076,0.06993190199136734,0.06993190199136734,0.5686715245246887,0.8203765749931335,0.9581025838851929,0.9965702891349792,1.0,0.03782082721590996,0.033016569912433624,0.027676325291395187,0.03395066037774086,,0.13720844686031342
tless_000017_000198_02,0.03223098814487457,0.0007454051519744098,0.3098512887954712,0.3098512887954712,0.9105650186538696,0.9858325123786926,0.9995114803314209,1.0,1.0,0.016069486737251282,0.01616150140762329,0.04107561707496643,0.016300329938530922,,0.036487627774477005
tless_000017_000205_01,0.07200150191783905,0.004995696246623993,0.05223643407225609,0.05223643407225609,0.5286515355110168,0.8397429585456848,0.9627754092216492,0.9943530559539795,0.999267041683197,0.04062912240624428,0.031372375786304474,0.011918166652321815,0.03166743740439415,,0.1383994072675705
tless_000017_000270_04,0.10039812326431274,0.008517824113368988,0.05866723507642746,0.05866723507642746,0.41780543327331543,0.598560094833374,0.865583062171936,0.9963369369506836,1.0,0.04084888845682144,0.0595492348074913,0.06999115645885468,0.06112966686487198,,0.05894070863723755
tless_000017_000286_04,0.08160266280174255,0.006962641607969999,0.151078000664711,0.151078000664711,0.5699621438980103,0.7134580016136169,0.8946158289909363,0.9890164136886597,1.0,0.028634052723646164,0.05296861007809639,0.014716031961143017,0.05543085187673569,,0.09215597063302994
tless_000017_000296_02,0.03222779929637909,0.0010169348679482937,0.30480748414993286,0.30480748414993286,0.9228451251983643,0.9946216344833374,0.9971844553947449,0.9971844553947449,1.0,0.016541318967938423,0.015686480328440666,0.01042067352682352,0.015775974839925766,,0.061109524220228195
tless_000017_000307_06,0.053227730095386505,0.00213244603946805,0.0791015625,0.0791015625,0.6914005875587463,0.926474928855896,0.9953396916389465,0.9989001750946045,0.9997557997703552,0.027968013659119606,0.02525971829891205,0.013206071220338345,0.025722060352563858,,0.07301410287618637
tless_000017_000498_01,6.631357192993164,29.357074737548828,0.0,0.0,0.0,0.0,0.00032552084303461015,0.00955171138048172,0.04877167567610741,4.452247619628906,2.1791093349456787,1.088441422325559e-05,2.1791093349456787,,5.929750442504883
tless_000018_000012_06,0.06372818350791931,0.0032934716437011957,0.03905037045478821,0.03905037045478821,0.556845486164093,0.8946686387062073,0.9896398782730103,0.9973072409629822,1.0,0.0353860929608345,0.02834209054708481,0.0152161605656147,0.028787991032004356,,0.11137297004461288
tless_000018_000241_05,0.10055805742740631,0.006879270542412996,0.01506696455180645,0.01506696455180645,0.23817573487758636,0.575555682182312,0.9522122740745544,0.9958361387252808,0.9998779296875,0.05012112483382225,0.05043693631887436,0.01590137556195259,0.05073079839348793,,0.18430137634277344
tless_000018_000256_03,0.07542012631893158,0.004950125701725483,0.10932739078998566,0.10932739078998566,0.5599460601806641,0.7677972316741943,0.9343843460083008,0.9985330104827881,1.0,0.03689367324113846,0.03852644935250282,0.02844175696372986,0.03951025754213333,,0.06141797825694084
tless_000018_000349_06,0.0430111289024353,0.0013472801074385643,0.14593730866909027,0.14593730866909027,0.8268917798995972,0.9619090557098389,0.9985342025756836,0.9997557997703552,1.0,0.02185797318816185,0.021153155714273453,0.010427966713905334,0.021956076845526695,,0.10623528808355331
tless_000018_000359_02,0.07417379319667816,0.005241715349256992,0.06358600407838821,0.06358600407838821,0.5469316840171814,0.8062330484390259,0.9548776745796204,0.9883977770805359,1.0,0.030929354950785637,0.043244440108537674,0.020273596048355103,0.04322519525885582,,0.09885414689779282
tless_000018_000487_06,0.07248933613300323,0.004992520436644554,0.057732805609703064,0.057732805609703064,0.5605654716491699,0.8346455097198486,0.9510944485664368,0.9906357526779175,1.0,0.043244075030088425,0.02924525737762451,0.012166624888777733,0.029814178124070168,,0.18785589933395386
tless_000019_000012_06,0.06893817335367203,0.003295788075774908,0.0374433770775795,0.0374433770775795,0.4872432053089142,0.8424738049507141,0.9870405793190002,0.9989001750946045,1.0,0.036019857972860336,0.03291831538081169,0.01774149388074875,0.03315958380699158,,0.1834087371826172
tless_000019_000050_03,0.07025845348834991,0.0033370722085237503,0.04965832456946373,0.04965832456946373,0.47266891598701477,0.8095399737358093,0.9869733452796936,1.0,1.0,0.03468336537480354,0.03557509183883667,0.01703454554080963,0.03585207834839821,,0.04862280562520027
tless_000019_000050_05,0.07469296455383301,0.0038088692817837,0.029149778187274933,0.029149778187274933,0.41480037569999695,0.8180221915245056,0.9747183918952942,0.9991447925567627,1.0,0.04040525481104851,0.0342877060174942,0.01650363765656948,0.03459632769227028,,0.0814146026968956
tless_000019_000078_01,0.056187983602285385,0.002510722726583481,0.08615674078464508,0.08615674078464508,0.6652131676673889,0.9184569716453552,0.9882672429084778,0.9968160390853882,1.0,0.02796301059424877,0.028224973008036613,0.011189295910298824,0.028868839144706726,,0.10175802558660507
tless_000019_000101_07,0.04460694640874863,0.0015303812688216567,0.18671365082263947,0.18671365082263947,0.7777056694030762,0.94580078125,0.9973084926605225,0.9990224838256836,1.0,0.022391442209482193,0.022215504199266434,0.012387679889798164,0.022593405097723007,,0.062102776020765305
tless_000019_000102_05,0.052709661424160004,0.002134008100256324,0.07490534335374832,0.07490534335374832,0.7032235264778137,0.9499328136444092,0.9939825534820557,0.9990224838256836,1.0,0.028720209375023842,0.02398945391178131,0.013190152123570442,0.024413004517555237,,0.17128348350524902
tless_000019_000140_02,0.07142650336027145,0.0033191426191478968,0.02757924795150757,0.02757924795150757,0.41311073303222656,0.8330827951431274,0.9926217198371887,0.999267041683197,1.0,0.0375911183655262,0.033835384994745255,0.01575377583503723,0.03402015194296837,,0.013530313968658447
tless_000019_000156_00,0.028304891660809517,0.0006168229738250375,0.33792075514793396,0.33792075514793396,0.9517920017242432,0.9834967255592346,0.9985330104827881,1.0,1.0,0.015245268121361732,0.013059623539447784,0.02461099624633789,0.013446109369397163,,0.029806673526763916
tless_000019_000178_05,0.042255111038684845,0.0014523402787745,0.13107749819755554,0.13107749819755554,0.8372802734375,0.9830828309059143,0.9990224838256836,0.999267041683197,0.9996336698532104,0.02200605906546116,0.020249053835868835,0.0106684360653162,0.02074430324137211,,0.1941223293542862
tless_000019_000185_01,0.05124284327030182,0.002467165235430002,0.10754270106554031,0.10754270106554031,0.7608790993690491,0.9340610504150391,0.9875860214233398,0.9971844553947449,1.0,0.026596762239933014,0.024646081030368805,0.009292013943195343,0.025029826909303665,,0.16077250242233276
tless_000019_000195_05,0.05593978613615036,0.0020705813076347113,0.06958817690610886,0.06958817690610886,0.6193844079971313,0.925645649433136,0.9984105825424194,0.9995114803314209,1.0,0.028530407696962357,0.027409380301833153,0.014239045791327953,0.027893804013729095,,0.11275943368673325
tless_000019_000200_02,0.0685819610953331,0.0033046272583305836,0.03408445417881012,0.03408445417881012,0.47257256507873535,0.8627085089683533,0.9892658591270447,0.9968160390853882,1.0,0.036833833903074265,0.031748127192258835,0.015000010840594769,0.03194614127278328,,0.07163117080926895
tless_000019_000261_04,0.08013074100017548,0.004343774169683456,0.016472311690449715,0.016472311690449715,0.3613162636756897,0.7533383369445801,0.9833894968032837,0.9980430603027344,1.0,0.040892716497182846,0.03923802077770233,0.016875598579645157,0.03938984498381615,,0.011476357467472553
tless_000019_000262_07,0.018262945115566254,0.0002461124095134437,0.6568835973739624,0.6568835973739624,0.9888068437576294,0.9980430603027344,1.0,1.0,1.0,0.009356348775327206,0.008906596340239048,0.015282646752893925,0.009966094978153706,,0.01966746151447296
tless_000019_000313_06,0.04786321520805359,0.0024692050646990538,0.19183538854122162,0.19183538854122162,0.8083837628364563,0.9251119494438171,0.9669609069824219,0.9987778067588806,1.0,0.030007852241396904,0.017855361104011536,0.013362115249037743,0.01893995702266693,,0.12335571646690369
tless_000019_000325_07,0.02598670683801174,0.0005329446867108345,0.4273274838924408,0.4273274838924408,0.9587839841842651,0.993407666683197,0.999267041683197,0.9998779296875,1.0,0.013067052699625492,0.01291965413838625,0.015704451128840446,0.014058757573366165,,0.056753724813461304
tless_000019_000363_06,0.03909938782453537,0.001148958457633853,0.18946759402751923,0.18946759402751923,0.8574874401092529,0.9677596092224121,0.999267041683197,0.9995114803314209,1.0,0.019376015290617943,0.019723374396562576,0.010353324003517628,0.020368803292512894,,0.10409454256296158
tless_000019_000378_01,0.03538113832473755,0.0010808405932039022,0.2708991467952728,0.2708991467952728,0.8962059020996094,0.9614251255989075,0.9940181970596313,1.0,1.0,0.016741707921028137,0.018639428541064262,0.01186377927660942,0.019412212073802948,,0.048165637999773026
tless_000019_000452_04,0.18714134395122528,0.025215335190296173,0.003662109375,0.003662109375,0.07782265543937683,0.22564050555229187,0.6242867708206177,0.9536916613578796,0.9980430603027344,0.09355126321315765,0.09359008073806763,0.024519024416804314,0.09360628575086594,,0.31069254875183105
tless_000020_000029_03,0.09525005519390106,0.006417482625693083,0.012572056613862514,0.012572056613862514,0.2659947872161865,0.6298649311065674,0.9633647203445435,0.994106113910675,1.0,0.05173478648066521,0.04351526498794556,0.01767118275165558,0.043670833110809326,,0.13773858547210693
tless_000020_000030_14,0.08822432160377502,0.007352015934884548,0.04738950729370117,0.04738950729370117,0.4886488914489746,0.7563081979751587,0.9007905125617981,0.9863250851631165,1.0,0.03745879977941513,0.050765518099069595,0.012803997844457626,0.051998820155858994,,0.09951742738485336
tless_000020_000032_08,0.07105562090873718,0.0035533607006073,0.03234817087650299,0.03234817087650299,0.4938787817955017,0.8150315880775452,0.981634795665741,0.9985330104827881,1.0,0.03761699050664902,0.033438634127378464,0.014588333666324615,0.033687300980091095,,0.04201304912567139
tless_000020_000039_08,0.07525594532489777,0.003979998640716076,0.030541513115167618,0.030541513115167618,0.42645612359046936,0.8074946999549866,0.9718823432922363,0.9979205131530762,1.0,0.03634928911924362,0.03890665993094444,0.013934317976236343,0.03930846229195595,,0.04057244583964348
tless_000020_000051_01,0.056075695902109146,0.0028245754074305296,0.0737810879945755,0.0737810879945755,0.667543888092041,0.9252620339393616,0.9896398782730103,0.9965702891349792,1.0,0.02958374284207821,0.026491953060030937,0.011320997960865498,0.02678077481687069,,0.15590715408325195
tless_000020_000051_08,0.0835421085357666,0.005669338628649712,0.040693968534469604,0.040693968534469604,0.4387807548046112,0.7474785447120667,0.941220223903656,0.9940181970596313,1.0,0.03556915000081062,0.04797296226024628,0.014654788188636303,0.048385247588157654,,0.055234771221876144
tless_000020_000054_12,0.10570945590734482,0.010219756513834,0.008544921875,0.008544921875,0.25566965341567993,0.6157749891281128,0.935856282711029,0.9841422438621521,0.9986554384231567,0.04966204613447189,0.056047409772872925,0.020777512341737747,0.05611645430326462,,0.13841836154460907
tless_000020_000058_16,0.06257776916027069,0.003102547023445368,0.05395079404115677,0.05395079404115677,0.589463472366333,0.8936436772346497,0.9772784113883972,0.9974299073219299,1.0,0.03546668589115143,0.027111079543828964,0.01263362169265747,0.02773389406502247,,0.08162454515695572
tless_000020_000069_07,0.08156044036149979,0.005526562221348286,0.03213593363761902,0.03213593363761902,0.4548001289367676,0.7647658586502075,0.952597439289093,0.9922499656677246,1.0,0.036702267825603485,0.0448581725358963,0.015825746580958366,0.04504243656992912,,0.10118693113327026
tless_000020_000097_04,0.14388029277324677,0.018022660166025162,0.005246184766292572,0.005246184766292572,0.14011333882808685,0.40005338191986084,0.8466751575469971,0.9546332359313965,0.999267041683197,0.07317112386226654,0.07070916891098022,0.012135717086493969,0.07080446928739548,,0.2849883735179901
tless_000020_000121_10,2.5311827659606934,7.074677467346191,0.0,0.0,0.001220703125,0.004909206181764603,0.0186011902987957,0.07337106019258499,0.26218801736831665,0.34082454442977905,2.1903581619262695,1.2812641216441989e-05,2.1903581619262695,,2.151066780090332
tless_000020_000136_11,0.1198902502655983,0.011881198734045029,0.010980903171002865,0.010980903171002865,0.24163489043712616,0.5648989081382751,0.857153058052063,0.9686669111251831,1.0,0.05343489348888397,0.06645535677671432,0.016743171960115433,0.06684059649705887,,0.18344099819660187
tless_000020_000140_16,0.05461891368031502,0.0024647058453410864,0.1260928362607956,0.1260928362607956,0.7041459679603577,0.8937885761260986,0.9816691875457764,1.0,1.0,0.030827024951577187,0.02379188872873783,0.012818458490073681,0.02441413328051567,,0.01584416627883911
tless_000020_000155_00,0.05896911397576332,0.0031638971995562315,0.09623496234416962,0.09623496234416962,0.6861509680747986,0.8947595953941345,0.9687201976776123,0.9979246854782104,1.0,0.02979329042136669,0.02917582355439663,0.026404928416013718,0.02942115254700184,,0.171058788895607
tless_000020_000178_17,0.09749346971511841,0.00875574816018343,0.028216252103447914,0.028216252103447914,0.34229063987731934,0.6881844997406006,0.9177879095077515,0.9781714081764221,1.0,0.060545485466718674,0.03694798797369003,0.013887792825698853,0.03743113577365875,,0.10747990757226944
tless_000020_000208_00,0.08460861444473267,0.005400460213422775,0.02453552559018135,0.02453552559018135,0.374573290348053,0.7591119408607483,0.9510168433189392,0.9958323240280151,1.0,0.044261276721954346,0.04034733772277832,0.010003798641264439,0.0405668169260025,,0.04204682633280754
tless_000020_000216_17,0.0797596126794815,0.005877834279090166,0.06350231170654297,0.06350231170654297,0.5696530938148499,0.7805089354515076,0.9087848663330078,0.9969388842582703,1.0,0.03924251347780228,0.04051709547638893,0.010295318439602852,0.04094618186354637,,0.12268491834402084
tless_000020_000229_13,0.046010732650756836,0.00206550071015954,0.1735655963420868,0.1735655963420868,0.8234477043151855,0.9269995093345642,0.9807142019271851,0.9990224838256836,1.0,0.025654476135969162,0.020356258377432823,0.09245964884757996,0.020762974396348,,0.08374819904565811
tless_000020_000254_10,0.1368166208267212,0.013147864490747452,0.006665038876235485,0.006665038876235485,0.1182495728135109,0.35338321328163147,0.8528633117675781,0.984357476234436,0.9998779296875,0.06659208238124847,0.07022454589605331,0.013152511790394783,0.07026117295026779,,0.38281896710395813
tless_000020_000262_05,0.10144297033548355,0.010494450107216835,0.03318696841597557,0.03318696841597557,0.3985100984573364,0.6781408786773682,0.8922117948532104,0.9660482406616211,1.0,0.06672705709934235,0.034715913236141205,0.014916162006556988,0.034865256398916245,,0.11417271941900253
tless_000020_000325_17,0.055949509143829346,0.0031100076157599688,0.22243307530879974,0.22243307530879974,0.7209233641624451,0.8371237516403198,0.9673924446105957,0.999267041683197,1.0,0.027446798980236053,0.02850271202623844,0.03962726891040802,0.029794659465551376,,0.08602593094110489
tless_000020_000326_10,0.1725563108921051,0.030293162912130356,0.003920610994100571,0.003920610994100571,0.10100492089986801,0.33497190475463867,0.7836034893989563,0.9284665584564209,0.9889172315597534,0.07915394753217697,0.09340235590934753,0.007155231200158596,0.09344206005334854,,0.266455739736557
tless_000020_000350_00,0.12500983476638794,0.022070782259106636,0.01972895860671997,0.01972895860671997,0.26531779766082764,0.6643849611282349,0.8966512680053711,0.9441391229629517,0.990138053894043,0.07968263328075409,0.04532719403505325,0.008928997442126274,0.04550670087337494,,0.4059394299983978
tless_000020_000351_17,0.03561373054981232,0.0009083006880246103,0.22892244160175323,0.22892244160175323,0.8847683072090149,0.9769815802574158,0.9991447925567627,1.0,1.0,0.019391635432839394,0.016222096979618073,0.011997608467936516,0.01670779474079609,,0.02776358462870121
tless_000020_000360_05,0.07315436750650406,0.004018280655145645,0.039794921875,0.039794921875,0.473672479391098,0.8126949071884155,0.9780545830726624,0.9963244199752808,1.0,0.04012852907180786,0.0330258384346962,0.013731610961258411,0.03348524868488312,,0.10055521875619888
tless_000020_000386_01,6.765877723693848,44.84986114501953,0.0,0.0,0.0,0.0,0.0,0.0,0.0013230846961960196,5.219257831573486,1.5466201305389404,1.9823357433779165e-05,1.5466201305389404,,11.181920051574707
tless_000020_000399_17,0.03476763516664505,0.001045109936967492,0.3638756573200226,0.3638756573200226,0.8554928302764893,0.9516578912734985,0.9993892908096313,1.0,1.0,0.017126312479376793,0.017641324549913406,0.024512697011232376,0.018561583012342453,,0.05935940146446228
tless_000020_000404_01,0.026869667693972588,0.0008067687740549445,0.5492963790893555,0.5492963790893555,0.9173966646194458,0.9582909345626831,0.995586097240448,1.0,1.0,0.015987303107976913,0.010882364585995674,0.13338695466518402,0.011291394010186195,,0.105385422706604
tless_000020_000407_16,0.046251989901065826,0.001519903540611267,0.12217604368925095,0.12217604368925095,0.7712042927742004,0.9570775628089905,0.9949699640274048,1.0,1.0,0.025208111852407455,0.021043876186013222,0.02330656722187996,0.021829811856150627,,0.04097704216837883
tless_000020_000412_15,0.16588875651359558,0.030614959076046944,0.04512593150138855,0.04512593150138855,0.30921778082847595,0.4761534631252289,0.7285153269767761,0.8967885375022888,0.9975526332855225,0.10897952318191528,0.056909240782260895,0.016704080626368523,0.056909240782260895,,0.7375534176826477
tless_000020_000448_02,0.09118686616420746,0.006065692752599716,0.023753004148602486,0.023753004148602486,0.30190446972846985,0.6717502474784851,0.9611364603042603,0.992511510848999,1.0,0.04412904381752014,0.04705781862139702,0.01611689105629921,0.047300685197114944,,0.12198567390441895
tless_000020_000450_06,14.296672821044922,118.89241027832031,0.0,0.0,0.0,0.0,0.0,0.0,0.0009728703880682588,7.114500522613525,7.182171821594238,0.25876620411872864,7.182171821594238,,5.723916530609131
tless_000020_000484_15,0.6694738864898682,0.29935792088508606,0.0,0.0,0.0008138020639307797,0.0018430898198857903,0.06373085826635361,0.2943325638771057,0.7056834697723389,0.2620670795440674,0.4074068069458008,0.006786413490772247,0.4074068069458008,,0.15959523618221283
tless_000020_000494_00,0.12652748823165894,0.02200343832373619,0.026444965973496437,0.026444965973496437,0.34744489192962646,0.6854038834571838,0.8694059252738953,0.9300105571746826,0.9942296147346497,0.07548908144235611,0.05103841423988342,0.009922606870532036,0.05119072273373604,,0.40169772505760193
tudl_000001_000068_00,0.0045994301326572895,1.500854705227539e-05,0.9966931939125061,0.9966931939125061,1.0,1.0,1.0,1.0,1.0,0.0022026747465133667,0.002396755386143923,0.0015779597451910377,0.0025124775711447,,0.0019319256534799933
tudl_000001_000167_00,0.006310365162789822,4.754257315653376e-05,0.9653953313827515,0.9653953313827515,0.9960784316062927,0.9998779296875,1.0,1.0,1.0,0.0037058203015476465,0.0026045450940728188,0.0236206091940403,0.003032243112102151,,0.01764913648366928
tudl_000001_000844_00,0.00667476374655962,4.226151941111311e-05,0.9641900062561035,0.9641900062561035,0.9984105825424194,1.0,1.0,1.0,1.0,0.0037780411075800657,0.002896722871810198,0.007052521221339703,0.0034606342669576406,,0.003189449431374669
tudl_000001_001053_00,0.015956874936819077,0.00039542338345199823,0.7745963335037231,0.7745963335037231,0.9230532646179199,0.9828650951385498,1.0,1.0,1.0,0.004698909819126129,0.011257966049015522,0.035803984850645065,0.019130604341626167,,0.022289367392659187
tudl_000001_001541_00,0.038763243705034256,0.0012625372037291527,0.2805386781692505,0.2805386781692505,0.8358117938041687,0.9455155730247498,0.9957091808319092,1.0,1.0,0.021198958158493042,0.017564285546541214,0.009839260950684547,0.01985052600502968,,0.01929384469985962
tudl_000001_001685_00,0.004839733242988586,2.0041556126670912e-05,0.984204888343811,0.984204888343811,1.0,1.0,1.0,1.0,1.0,0.0025673455093055964,0.0022723875008523464,0.006498854607343674,0.0032652670051902533,,0.0025168880820274353
tudl_000001_003100_00,0.007222051732242107,5.923875141888857e-05,0.9401626586914062,0.9401626586914062,0.9981656074523926,1.0,1.0,1.0,1.0,0.0031555776949971914,0.00406647427007556,0.004482468590140343,0.0073954761028289795,,0.010372159071266651
tudl_000001_003476_00,0.03863058239221573,0.0016156621277332306,0.2762061655521393,0.2762061655521393,0.858348548412323,0.9485306739807129,0.9906357526779175,0.9995114803314209,0.9997557997703552,0.021820323541760445,0.016810256987810135,0.00696050189435482,0.018486784771084785,,0.22514070570468903
tudl_000001_003673_00,0.004721705801784992,1.807458647817839e-05,0.9910876750946045,0.9910876750946045,0.9998779296875,0.9998779296875,1.0,1.0,1.0,0.0022118634078651667,0.002509842161089182,0.005408086813986301,0.0039059780538082123,,0.015853799879550934
tudl_000001_004585_00,0.004879005253314972,2.175657391489949e-05,0.9854563474655151,0.9854563474655151,1.0,1.0,1.0,1.0,1.0,0.002342512831091881,0.0025364926550537348,0.048001427203416824,0.003995213657617569,,0.009015942923724651
tudl_000001_005288_00,0.03200593963265419,0.0010150917805731297,0.4005701243877411,0.4005701243877411,0.9012614488601685,0.9628732800483704,0.9957091808319092,0.9991447925567627,1.0,0.01722400076687336,0.014781937934458256,0.018589084967970848,0.017155539244413376,,0.12071648240089417
tudl_000001_006390_00,0.006031830795109272,3.2722524338169023e-05,0.9687653183937073,0.9687653183937073,0.9998779296875,1.0,1.0,1.0,1.0,0.0033959343563765287,0.0026358962059020996,0.01775475963950157,0.0036429946776479483,,0.0053311362862586975
tudl_000001_006561_00,0.0334261879324913,0.0009709690930321813,0.38515713810920715,0.38515713810920715,0.8695059418678284,0.9568259716033936,0.9989012479782104,1.0,1.0,0.016869258135557175,0.016556931659579277,0.007267516106367111,0.01980677805840969,,0.04512377455830574
tudl_000001_006674_00,0.02760719135403633,0.0005623986362479627,0.4013550281524658,0.4013550281524658,0.9379876852035522,0.9883869290351868,1.0,1.0,1.0,0.01309240609407425,0.014514784328639507,0.0074790362268686295,0.016673695296049118,,0.014046460390090942
tudl_000001_007021_00,0.03659723699092865,0.0011487756855785847,0.27960672974586487,0.27960672974586487,0.8664795160293579,0.958304226398468,0.9938878417015076,1.0,1.0,0.016939859837293625,0.019657375290989876,0.0091047752648592,0.021899152547121048,,0.06043984368443489
tudl_000001_008017_00,0.028190456330776215,0.0005627591744996607,0.37729281187057495,0.37729281187057495,0.9436012506484985,0.9920610785484314,0.9998779296875,1.0,1.0,0.013608871027827263,0.014581585302948952,0.011028810404241085,0.016405940055847168,,0.01619178056716919
tudl_000002_000125_00,0.004110701382160187,1.1986324352619704e-05,0.9977979063987732,0.9977979063987732,1.0,1.0,1.0,1.0,1.0,0.0021350951865315437,0.001975606195628643,0.016916440799832344,0.0023429160937666893,,0.008162186481058598
tudl_000002_000282_00,0.104994997382164,0.009743593633174896,0.03498271480202675,0.03498271480202675,0.35755619406700134,0.6311649084091187,0.8900718688964844,0.9765117168426514,1.0,0.06054653599858284,0.04444846510887146,0.012369663454592228,0.04474630951881409,,0.12511296570301056
tudl_000002_000575_00,0.003875456750392914,1.1181667105120141e-05,0.9971844553947449,0.9971844553947449,1.0,1.0,1.0,1.0,1.0,0.0021764668636024,0.0016989897703751922,0.008703898638486862,0.0020020806696265936,,0.007027674466371536
tudl_000002_001245_00,0.07802563905715942,0.004768340848386288,0.040376003831624985,0.040376003831624985,0.4691823720932007,0.7640000581741333,0.9552100896835327,0.9970617294311523,1.0,0.04095147177577019,0.03707416355609894,0.013541433960199356,0.03782353922724724,,0.0627092719078064
tudl_000002_002455_00,0.00320954411290586,8.676488505443558e-06,0.9976794719696045,0.9976794719696045,1.0,1.0,1.0,1.0,1.0,0.0015524158952757716,0.0016571282176300883,0.0034179738722741604,0.002422293182462454,,0.0014125630259513855
tudl_000002_002829_00,0.06658390164375305,0.003630260471254587,0.088652104139328,0.088652104139328,0.5842452049255371,0.8193092942237854,0.9699972867965698,0.9986554384231567,1.0,0.03485092148184776,0.03173298016190529,0.011927051469683647,0.03281858190894127,,0.058226585388183594
tudl_000002_003205_00,0.06596445292234421,0.003507775953039527,0.06473634392023087,0.06473634392023087,0.5648548007011414,0.8554538488388062,0.9773003458976746,0.9965702891349792,1.0,0.03569590672850609,0.03026854433119297,0.01680801808834076,0.030855173245072365,,0.08658417314291
tudl_000002_004457_00,0.027601420879364014,0.0006661313818767667,0.4773743450641632,0.4773743450641632,0.9115038514137268,0.9738885164260864,0.9998779296875,1.0,1.0,0.013563715852797031,0.014037705957889557,0.009908756241202354,0.01639826036989689,,0.022195329889655113
tudl_000002_004482_00,0.027204694226384163,0.0006662638625130057,0.4765178859233856,0.4765178859233856,0.9127665758132935,0.9746739268302917,0.9998779296875,1.0,1.0,0.013708019629120827,0.013496674597263336,0.01622622460126877,0.015388215892016888,,0.01850149966776371
tudl_000002_004985_00,0.0032178154215216637,7.504660061385948e-06,0.9989001750946045,0.9989001750946045,1.0,1.0,1.0,1.0,1.0,0.0016268998151645064,0.001590915722772479,0.00764922471717,0.002119178418070078,,0.006616921629756689
tudl_000002_005309_00,0.07493670284748077,0.0044496445916593075,0.05479220673441887,0.05479220673441887,0.4968327581882477,0.7807116508483887,0.9603426456451416,0.9980430603027344,1.0,0.038372136652469635,0.03656456619501114,0.016153551638126373,0.03748079761862755,,0.07073672860860825
tudl_000002_005561_00,0.07231437414884567,0.004353231750428677,0.06302033364772797,0.06302033364772797,0.5546486973762512,0.7933074831962585,0.956843912601471,0.9977979063987732,1.0,0.041375309228897095,0.030939066782593727,0.013041988015174866,0.03193584084510803,,0.09183057397603989
tudl_000002_005842_00,0.13803377747535706,0.016104239970445633,0.013539907522499561,0.013539907522499561,0.2075209617614746,0.484598845243454,0.8127877712249756,0.9566494822502136,1.0,0.07513054460287094,0.06290323287248611,0.024548223242163658,0.063370481133461,,0.15482251346111298
tudl_000002_006397_00,0.003456062637269497,9.372263775730971e-06,0.9991447925567627,0.9991447925567627,1.0,1.0,1.0,1.0,1.0,0.0016391868703067303,0.0018168757669627666,0.005378461442887783,0.002963939681649208,,0.00022337213158607483
tudl_000002_006535_00,0.003079618327319622,8.126015927700792e-06,0.9990224838256836,0.9990224838256836,1.0,1.0,1.0,1.0,1.0,0.0013308367924764752,0.0017487815348431468,0.006188053637742996,0.002793162129819393,,0.0005256484146229923
tudl_000002_007110_00,0.0032077920623123646,7.063111752358964e-06,0.9998779296875,0.9998779296875,1.0,1.0,1.0,1.0,1.0,0.001690978417173028,0.0015168136451393366,0.005780223291367292,0.001798401353880763,,0.003037388203665614
tudl_000002_007463_00,0.0029544748831540346,6.070048584660981e-06,0.9997557997703552,0.9997557997703552,1.0,1.0,1.0,1.0,1.0,0.0014890988823026419,0.0014653760008513927,0.0058136386796832085,0.0019446886144578457,,0.003153659403324127
tudl_000003_000437_00,0.004254205152392387,1.2964434972673189e-05,0.9973072409629822,0.9973072409629822,1.0,1.0,1.0,1.0,1.0,0.0020932808984071016,0.002160924021154642,0.034939222037792206,0.002384660067036748,,0.00861686933785677
tudl_000003_000474_00,0.004636313766241074,1.708145282464102e-05,0.9949723482131958,0.9949723482131958,1.0,1.0,1.0,1.0,1.0,0.0021522073075175285,0.002484106458723545,0.047802798449993134,0.0032903964165598154,,0.0017749021062627435
tudl_000003_001105_00,0.003556246403604746,9.637862603995018e-06,0.9990224838256836,0.9990224838256836,1.0,1.0,1.0,1.0,1.0,0.0018883156590163708,0.0016679306281730533,0.016696833074092865,0.002391478745266795,,0.0011764777591452003
tudl_000003_001501_00,0.0041188765317201614,1.2847429388784803e-05,0.9965702891349792,0.9965702891349792,1.0,1.0,1.0,1.0,1.0,0.002027321606874466,0.0020915549248456955,0.025817271322011948,0.002446858212351799,,0.004029435571283102
tudl_000003_002059_00,0.004219920374453068,1.308002265432151e-05,0.9975526332855225,0.9975526332855225,1.0,1.0,1.0,1.0,1.0,0.0020706274081021547,0.002149292966350913,0.03526761382818222,0.0029451109003275633,,0.0023083537817001343
tudl_000003_002120_00,0.004390929825603962,1.50822179421084e-05,0.9964473843574524,0.9964473843574524,1.0,1.0,1.0,1.0,1.0,0.001977725187316537,0.0024132044054567814,0.04143616184592247,0.003196850186213851,,0.0022512401919811964
tudl_000003_002910_00,0.02555742859840393,0.0005288460524752736,0.514016330242157,0.514016330242157,0.9268412590026855,0.9903335571289062,1.0,1.0,1.0,0.012170691974461079,0.013386737555265427,0.018770283088088036,0.015185731463134289,,0.013387789018452168
tudl_000003_003962_00,0.004420916549861431,1.4023902622284368e-05,0.9974299073219299,0.9974299073219299,1.0,1.0,1.0,1.0,1.0,0.0021916604600846767,0.0022292558569461107,0.016963912174105644,0.002434921683743596,,0.0025121767539530993
tudl_000003_004583_00,0.0036007254384458065,9.245297405868769e-06,0.9998779296875,0.9998779296875,1.0,1.0,1.0,1.0,1.0,0.0017012844327837229,0.0018994408892467618,0.02650374546647072,0.002105365740135312,,0.001894438057206571
tudl_000003_004918_00,0.003865137929096818,1.0653614481270779e-05,0.998288094997406,0.998288094997406,1.0,1.0,1.0,1.0,1.0,0.002017846331000328,0.00184729159809649,0.021507082507014275,0.0020801748614758253,,0.002773575484752655
tudl_000003_005306_00,0.004899711348116398,1.803463965188712e-05,0.994106113910675,0.994106113910675,1.0,1.0,1.0,1.0,1.0,0.0025933971628546715,0.0023063139524310827,0.02633710764348507,0.002737610135227442,,0.006017947103828192
tudl_000003_006130_00,0.004720587283372879,2.1409348846646026e-05,0.9866402745246887,0.9866402745246887,0.999267041683197,1.0,1.0,1.0,1.0,0.00247447588481009,0.0022461116313934326,0.01708417572081089,0.0031410802621394396,,0.0065037584863603115
tudl_000003_006350_00,0.004216593690216541,1.4316739907371812e-05,0.9937354326248169,0.9937354326248169,1.0,1.0,1.0,1.0,1.0,0.002184329554438591,0.0020322641357779503,0.012472367845475674,0.002639652229845524,,0.004444000776857138
tudl_000003_006431_00,0.00698603130877018,6.081286846892908e-05,0.9344252943992615,0.9344252943992615,0.9966931939125061,1.0,1.0,1.0,1.0,0.003973149694502354,0.003012881614267826,0.04299553856253624,0.004792780615389347,,0.01371714472770691
tudl_000003_007035_00,0.03315732255578041,0.0015439586713910103,0.3846363127231598,0.3846363127231598,0.882601261138916,0.9702218770980835,0.9986554384231567,0.9987778067588806,0.9989001750946045,0.01763591729104519,0.015521406196057796,0.008966131135821342,0.017683150246739388,,0.19638510048389435
tudl_000003_007585_00,0.004509233869612217,1.552104549773503e-05,0.9944764971733093,0.9944764971733093,1.0,1.0,1.0,1.0,1.0,0.0023534740321338177,0.0021557596046477556,0.008625692687928677,0.00261710025370121,,0.0021182994823902845
tudl_000003_007665_00,0.0037902360782027245,1.0889853911066893e-05,0.9995114803314209,0.9995114803314209,1.0,1.0,1.0,1.0,1.0,0.001719037420116365,0.0020711985416710377,0.024539316073060036,0.002710453700274229,,0.0029175628442317247
ycb_video_000048_000005_03,0.06371547281742096,0.003012264147400856,0.061887480318546295,0.061887480318546295,0.5806914567947388,0.8464726805686951,0.9852344393730164,1.0,1.0,0.027978135272860527,0.03573733568191528,0.010866961441934109,0.036573007702827454,,0.02014581300318241
ycb_video_000048_000013_01,0.044268496334552765,0.0012201799545437098,0.09972771257162094,0.09972771257162094,0.7994558215141296,0.9799731373786926,0.9995114803314209,1.0,1.0,0.021890239790081978,0.022378254681825638,0.011770656332373619,0.022831741720438004,,0.029344776645302773
ycb_video_000048_000109_01,0.043701171875,0.0011625419137999415,0.10400333255529404,0.10400333255529404,0.8003103137016296,0.9905939698219299,0.9998779296875,1.0,1.0,0.021705277264118195,0.021995892748236656,0.012596710585057735,0.022338727489113808,,0.011265714652836323
ycb_video_000048_000121_00,0.061963923275470734,0.002326811198145151,0.04149097949266434,0.04149097949266434,0.5195054411888123,0.9000063538551331,0.9990224838256836,1.0,1.0,0.030693668872117996,0.03127025440335274,0.0181109756231308,0.0313815101981163,,0.027716755867004395
ycb_video_000048_000211_03,0.002425676677376032,3.781178975259536e-06,1.0,1.0,1.0,1.0,1.0,1.0,1.0,0.0011808895505964756,0.0012447871267795563,0.001478389953263104,0.0015097548021003604,,0.0037212222814559937
ycb_video_000048_000308_01,0.03975338488817215,0.0009935665875673294,0.13354313373565674,0.13354313373565674,0.8605756759643555,0.9918158650398254,0.9990224838256836,1.0,1.0,0.019987108185887337,0.019766276702284813,0.011616164818406105,0.020023709163069725,,0.016659855842590332
ycb_video_000048_000311_01,0.03593490645289421,0.000817848602309823,0.16486051678657532,0.16486051678657532,0.9194208979606628,0.9936406016349792,0.9989001750946045,1.0,1.0,0.018109746277332306,0.017825160175561905,0.011600415222346783,0.018055036664009094,,0.010515113361179829
ycb_video_000048_000340_04,0.026642341166734695,0.0005970736383460462,0.37481120228767395,0.37481120228767395,0.9715572595596313,0.9966931939125061,0.9990224838256836,0.9990224838256836,1.0,0.012455103918910027,0.014187238179147243,0.0065326206386089325,0.015229372307658195,,0.129514679312706
ycb_video_000048_000354_00,0.06321166455745697,0.0024498975835740566,0.04162561893463135,0.04162561893463135,0.5081784725189209,0.882766842842102,0.9997557997703552,1.0,1.0,0.03135130926966667,0.0318603515625,0.017974451184272766,0.03200320154428482,,0.048587601631879807
ycb_video_000048_000365_02,0.002644987776875496,5.038718882133253e-06,1.0,1.0,1.0,1.0,1.0,1.0,1.0,0.001307025901041925,0.001337961875833571,0.002486086217686534,0.001566418563015759,,0.0018767440924420953
ycb_video_000048_000369_03,0.0499354749917984,0.0016790011432021856,0.09214352071285248,0.09214352071285248,0.7186890840530396,0.9410960674285889,0.997799813747406,0.9998779296875,1.0,0.02368782088160515,0.026247655972838402,0.010245840065181255,0.026769334450364113,,0.01510582398623228
ycb_video_000048_000393_00,0.05467437952756882,0.001837011775933206,0.06039496511220932,0.06039496511220932,0.6311998963356018,0.9436004161834717,0.9998779296875,1.0,1.0,0.02743604965507984,0.027238331735134125,0.017521848902106285,0.027385327965021133,,0.020209988579154015
ycb_video_000048_000457_04,0.03634241968393326,0.0014714804710820317,0.229037806391716,0.229037806391716,0.8894960284233093,0.9807106852531433,0.9964473843574524,0.9973072409629822,1.0,0.01722453534603119,0.01911788247525692,0.00899722520262003,0.02002660743892193,,0.05862635374069214
ycb_video_000048_000511_03,0.0382915660738945,0.0009211354772560298,0.15058688819408417,0.15058688819408417,0.8779866695404053,0.9912998080253601,0.9997557997703552,1.0,1.0,0.018779825419187546,0.019511738792061806,0.009450243785977364,0.020080676302313805,,0.008544067852199078
ycb_video_000048_000820_04,0.032962366938591,0.0011047518346458673,0.2428741306066513,0.2428741306066513,0.9353541731834412,0.9928728342056274,0.9975526332855225,0.9980430603027344,1.0,0.015709608793258667,0.017252758145332336,0.009374386630952358,0.018083974719047546,,0.043916571885347366
ycb_video_000048_000868_02,0.002630961826071143,5.3027069952804595e-06,0.9997557997703552,0.9997557997703552,1.0,1.0,1.0,1.0,1.0,0.0011955612571910024,0.0014354005688801408,0.055916234850883484,0.0017941396217793226,,0.0027522705495357513
ycb_video_000048_001071_00,0.04952464997768402,0.0014749153051525354,0.06481726467609406,0.06481726467609406,0.7088289260864258,0.9748314619064331,0.9998779296875,1.0,1.0,0.024584755301475525,0.024939894676208496,0.015146455727517605,0.025155484676361084,,0.005588690284639597
ycb_video_000048_001093_01,0.039153408259153366,0.0011572139337658882,0.16320061683654785,0.16320061683654785,0.872801661491394,0.9778409004211426,0.9975526332855225,0.9989001750946045,1.0,0.020041484385728836,0.01911192387342453,0.010505584999918938,0.019714754074811935,,0.07279801368713379
ycb_video_000048_001112_02,0.0036348667927086353,9.12875202629948e-06,0.9996336698532104,0.9996336698532104,1.0,1.0,1.0,1.0,1.0,0.0017314266879111528,0.0019034399883821607,0.0712449848651886,0.0021558788139373064,,0.0018622154602780938
ycb_video_000048_001149_00,0.06596793234348297,0.0025907703675329685,0.03002731129527092,0.03002731129527092,0.46179041266441345,0.873431384563446,0.9996337890625,1.0,1.0,0.03273173049092293,0.033236198127269745,0.016886649653315544,0.033444374799728394,,0.03325490280985832
ycb_video_000048_001203_01,0.040533337742090225,0.0011043394915759563,0.13585537672042847,0.13585537672042847,0.8558136224746704,0.9810940027236938,0.9986554384231567,0.9997557997703552,1.0,0.02049616165459156,0.020037176087498665,0.012040598317980766,0.02023961767554283,,0.03496937081217766
ycb_video_000048_001305_04,0.03430086374282837,0.0014878883957862854,0.27460604906082153,0.27460604906082153,0.9133902192115784,0.9811938405036926,0.9959554076194763,0.9974299073219299,1.0,0.016844507306814194,0.017456356436014175,0.00811800453811884,0.01822473481297493,,0.04600955918431282
ycb_video_000048_001331_01,0.02054598368704319,0.00028033513808622956,0.5391783714294434,0.5391783714294434,0.9958409667015076,0.9985330104827881,0.999267041683197,1.0,1.0,0.010423583909869194,0.010122399777173996,0.008944505825638771,0.010429945774376392,,0.013454924337565899
ycb_video_000048_001463_02,0.0042665572836995125,1.292400156671647e-05,0.9964574575424194,0.9964574575424194,1.0,1.0,1.0,1.0,1.0,0.002016873098909855,0.0022496841847896576,0.05244852602481842,0.0025865535717457533,,0.001218202174641192
ycb_video_000048_001501_03,0.004582083318382502,1.536416675662622e-05,0.998288094997406,0.998288094997406,0.9993892908096313,1.0,1.0,1.0,1.0,0.0023792777210474014,0.0022028055973351,0.002087159315124154,0.0022247701417654753,,0.002977329073473811
ycb_video_000048_001523_00,0.06343384832143784,0.0024626306258141994,0.04186975955963135,0.04186975955963135,0.5037927627563477,0.8850158452987671,0.9991447925567627,1.0,1.0,0.031259067356586456,0.03217478096485138,0.016421029344201088,0.032401397824287415,,0.04555678367614746
ycb_video_000048_001536_03,0.004408733919262886,1.2539514500531368e-05,0.9991447925567627,0.9991447925567627,1.0,1.0,1.0,1.0,1.0,0.0021904543973505497,0.0022182795219123363,0.005778397899121046,0.0023905732668936253,,0.001096141873858869
ycb_video_000048_001643_03,0.06697248667478561,0.005082036834210157,0.0612783245742321,0.0612783245742321,0.6234155893325806,0.8916823267936707,0.9660643339157104,0.9826990365982056,1.0,0.028127538040280342,0.03884494677186012,0.013101225718855858,0.039640191942453384,,0.06246119737625122
ycb_video_000048_001692_00,0.07378922402858734,0.003369087353348732,0.029414387419819832,0.029414387419819832,0.39531275629997253,0.7859941720962524,0.9962158203125,1.0,1.0,0.03576088696718216,0.03802833333611488,0.01914886012673378,0.038225337862968445,,0.015791257843375206
ycb_video_000048_001718_00,0.06892578303813934,0.002971930429339409,0.038084372878074646,0.038084372878074646,0.45398661494255066,0.8200682401657104,0.9980453848838806,1.0,1.0,0.033855047076940536,0.035070739686489105,0.019064094871282578,0.035275302827358246,,0.03312063217163086
ycb_video_000048_001735_02,0.0053076669573783875,1.9056918972637504e-05,0.9969449043273926,0.9969449043273926,1.0,1.0,1.0,1.0,1.0,0.002569881733506918,0.002737785456702113,0.010805254802107811,0.003020831849426031,,0.0030834723729640245
ycb_video_000048_001909_04,0.007724974770098925,5.985891039017588e-05,0.9833983778953552,0.9833983778953552,0.9984105825424194,0.9990224838256836,0.9995114803314209,1.0,1.0,0.0036614900454878807,0.004063484724611044,0.005651215557008982,0.004488993901759386,,0.015823712572455406
ycb_video_000048_001929_01,0.04448617994785309,0.0012242274824529886,0.09411225467920303,0.09411225467920303,0.8035051226615906,0.9792361259460449,1.0,1.0,1.0,0.022122330963611603,0.022363848984241486,0.013160490430891514,0.022626230493187904,,0.0394844226539135
ycb_video_000048_001941_03,0.04664670675992966,0.001374370651319623,0.08617541939020157,0.08617541939020157,0.7605178356170654,0.9783251881599426,0.9989001750946045,0.9998779296875,1.0,0.023258645087480545,0.023388059809803963,0.012026714161038399,0.023867569863796234,,0.015889307484030724
ycb_video_000048_002012_03,0.04874970763921738,0.0015881276922300458,0.08628972619771957,0.08628972619771957,0.740735650062561,0.9558521509170532,0.9971911907196045,0.9998779296875,1.0,0.02306024171411991,0.025689465925097466,0.01199318002909422,0.026247799396514893,,0.054618120193481445
ycb_video_000048_002024_04,0.008343654684722424,4.642102794605307e-05,0.9744102358818054,0.9744102358818054,0.9998779296875,1.0,1.0,1.0,1.0,0.003963199909776449,0.004380454774945974,0.002655514283105731,0.004789847880601883,,0.0027878384571522474
ycb_video_000048_002031_00,0.0601840540766716,0.0023886512499302626,0.05968014895915985,0.05968014895915985,0.5830824971199036,0.8827183246612549,0.9976805448532104,1.0,1.0,0.028652315959334373,0.03153173625469208,0.014629276469349861,0.03177211433649063,,0.012031476013362408
ycb_video_000048_002048_04,0.008520802482962608,4.951490700477734e-05,0.9663392305374146,0.9663392305374146,0.9997557997703552,1.0,1.0,1.0,1.0,0.00408666767179966,0.004434135276824236,0.002859206637367606,0.004792155232280493,,0.010962138883769512
ycb_video_000048_002057_04,0.00831236969679594,4.598826853907667e-05,0.9788007140159607,0.9788007140159607,0.9996336698532104,1.0,1.0,1.0,1.0,0.003909606486558914,0.004402763210237026,0.003398930188268423,0.004816731438040733,,0.01431023608893156
ycb_video_000048_002106_03,0.044907476752996445,0.0013183848932385445,0.10449161380529404,0.10449161380529404,0.7915598154067993,0.9756870865821838,0.9984105825424194,1.0,1.0,0.022459402680397034,0.02244807407259941,0.012763104401528835,0.022887717932462692,,0.02185213565826416
ycb_video_000048_002140_04,0.040658824145793915,0.0012077208375558257,0.17930859327316284,0.17930859327316284,0.8334866166114807,0.969163715839386,0.9981656074523926,0.9998779296875,1.0,0.020023629069328308,0.020635193213820457,0.008726172149181366,0.021185051649808884,,0.07685040682554245
ycb_video_000049_000047_03,0.04010502249002457,0.0011012328322976828,0.15201470255851746,0.15201470255851746,0.8594931960105896,0.9752234816551208,0.9973072409629822,1.0,1.0,0.020080899819731712,0.020024124532938004,0.01018565334379673,0.02073298953473568,,0.04235655069351196
ycb_video_000049_000088_02,0.006038131192326546,2.641599166963715e-05,0.9955995082855225,0.9955995082855225,0.9997557997703552,0.9997557997703552,1.0,1.0,1.0,0.0030328209977597,0.0030053099617362022,0.0027478975243866444,0.003607620717957616,,0.013930782675743103
ycb_video_000049_000121_03,0.03904241323471069,0.001068515470251441,0.17302821576595306,0.17302821576595306,0.870449960231781,0.9738649725914001,0.9976752996444702,1.0,1.0,0.019097676500678062,0.01994473487138748,0.009757563471794128,0.020841943100094795,,0.027424434199929237
ycb_video_000049_000194_00,0.020411310717463493,0.00030636024894192815,0.5673211216926575,0.5673211216926575,0.992267370223999,0.9993892908096313,0.9996336698532104,0.9998779296875,1.0,0.010164936073124409,0.010246374644339085,0.010255862027406693,0.01134067215025425,,0.07853337377309799
ycb_video_000049_000271_02,0.007584684994071722,3.715431739692576e-05,0.9897460341453552,0.9897460341453552,1.0,1.0,1.0,1.0,1.0,0.003554467111825943,0.004030217882245779,0.002677203854545951,0.0049792188219726086,,0.008222649805247784
ycb_video_000049_000333_01,0.05979686230421066,0.002333975164219737,0.05748241767287254,0.05748241767287254,0.5963062644004822,0.8932934403419495,0.9959662556648254,1.0,1.0,0.02979445271193981,0.030002407729625702,0.016076549887657166,0.030183956027030945,,0.033665817230939865
ycb_video_000049_000336_03,0.0336139090359211,0.0007044178200885653,0.19320330023765564,0.19320330023765564,0.939716637134552,0.9957268238067627,0.9996336698532104,1.0,1.0,0.01623849757015705,0.017375411465764046,0.010545548051595688,0.017944879829883575,,0.03339936211705208
ycb_video_000049_000368_00,0.004686158150434494,1.876224996522069e-05,0.9985330104827881,0.9985330104827881,0.9990224838256836,0.9991447925567627,1.0,1.0,1.0,0.0023411051370203495,0.0023450530134141445,0.005049968138337135,0.002559250919148326,,0.00877376925200224
ycb_video_000049_000450_02,0.006847213953733444,2.9628121410496533e-05,0.9947484731674194,0.9947484731674194,1.0,1.0,1.0,1.0,1.0,0.0032597340177744627,0.0035874799359589815,0.018888765946030617,0.00407481100410223,,0.0020273674745112658
ycb_video_000049_000486_03,0.028289128094911575,0.0005093440413475037,0.30660489201545715,0.30660489201545715,0.9697323441505432,0.9976806640625,1.0,1.0,1.0,0.013527178205549717,0.014761948958039284,0.008806724101305008,0.015416990034282207,,0.016298213973641396
ycb_video_000049_000535_03,0.02919025346636772,0.000542169320397079,0.29407569766044617,0.29407569766044617,0.9654000997543335,0.9974358081817627,0.9998779296875,1.0,1.0,0.013796872459352016,0.015393381007015705,0.00884727668017149,0.01604440063238144,,0.015240331180393696
ycb_video_000049_000890_03,0.02440328523516655,0.00038948614383116364,0.43109390139579773,0.43109390139579773,0.9800726175308228,0.9978005886077881,1.0,1.0,1.0,0.011222322471439838,0.013180961832404137,0.007161824963986874,0.01422790251672268,,0.021936535835266113
ycb_video_000049_000976_00,0.0072313579730689526,3.313532215543091e-05,0.9921680092811584,0.9921680092811584,1.0,1.0,1.0,1.0,1.0,0.00342388148419559,0.0038074764888733625,0.003818388096988201,0.004693278577178717,,0.004755800124257803
ycb_video_000049_000987_01,0.0029410237912088633,5.297985353536205e-06,1.0,1.0,1.0,1.0,1.0,1.0,1.0,0.0014358919579535723,0.001505131833255291,0.043220989406108856,0.0016758295241743326,,0.0018014212837442756
ycb_video_000049_001012_00,0.006537982262670994,3.0275699828052893e-05,0.990231454372406,0.990231454372406,0.9998779296875,0.9998779296875,1.0,1.0,1.0,0.0031369810458272696,0.0034010009840130806,0.005800879560410976,0.003983705770224333,,0.004685948137193918
ycb_video_000049_001014_01,0.0031840060837566853,6.116333679528907e-06,1.0,1.0,1.0,1.0,1.0,1.0,1.0,0.0015664821257814765,0.001617523841559887,0.03977271914482117,0.0017711828695610166,,0.0011902935802936554
ycb_video_000049_001030_01,0.0036883288994431496,8.55428515933454e-06,1.0,1.0,1.0,1.0,1.0,1.0,1.0,0.0018134353449568152,0.0018748934380710125,0.05289759114384651,0.0021239928901195526,,0.002775428118184209
ycb_video_000049_001059_00,0.006383845116943121,2.8177597414469346e-05,0.9838864803314209,0.9838864803314209,1.0,1.0,1.0,1.0,1.0,0.0030667532701045275,0.0033170918468385935,0.010143107734620571,0.003878240706399083,,0.007273728493601084
ycb_video_000049_001128_00,0.006130684167146683,2.3192131266114302e-05,0.9984118938446045,0.9984118938446045,1.0,1.0,1.0,1.0,1.0,0.0029986477456986904,0.0031320361886173487,0.006298423744738102,0.003525716485455632,,0.0008887797594070435
ycb_video_000049_001189_03,0.038169942796230316,0.0009516889695078135,0.16628430783748627,0.16628430783748627,0.8791660070419312,0.9836966395378113,0.9993892908096313,1.0,1.0,0.01786140352487564,0.020308539271354675,0.011300754733383656,0.020876266062259674,,0.018553057685494423
ycb_video_000049_001301_03,0.03298372030258179,0.0007175385253503919,0.23868383467197418,0.23868383467197418,0.9252322316169739,0.9903141856193542,0.9998779296875,1.0,1.0,0.015053683891892433,0.017930038273334503,0.009524528868496418,0.018814343959093094,,0.028990328311920166
ycb_video_000049_001335_00,0.034247804433107376,0.0007570210145786405,0.2263180911540985,0.2263180911540985,0.9116041660308838,0.993163526058197,1.0,1.0,1.0,0.016475576907396317,0.01777222752571106,0.011802838183939457,0.01821485348045826,,0.033376116305589676
ycb_video_000049_001429_03,0.03763556480407715,0.0008925641886889935,0.16285185515880585,0.16285185515880585,0.8874788880348206,0.9909566044807434,0.9998779296875,1.0,1.0,0.017825502902269363,0.019810061901807785,0.010712704621255398,0.020427880808711052,,0.02063065767288208
ycb_video_000049_001453_00,0.013287246227264404,0.00011738401371985674,0.8691886067390442,0.8691886067390442,0.9991455078125,0.9996336698532104,0.9997557997703552,1.0,1.0,0.006426049396395683,0.006861196830868721,0.005533054005354643,0.007579741068184376,,0.020297130569815636
ycb_video_000049_001557_00,0.03088076412677765,0.0006060406449250877,0.2514563202857971,0.2514563202857971,0.9573409557342529,0.9984130859375,0.9997557997703552,0.9997557997703552,1.0,0.015085727907717228,0.015795037150382996,0.010407387278974056,0.01631690375506878,,0.035415250808000565
ycb_video_000049_001562_01,0.004760159179568291,1.3968545317766257e-05,1.0,1.0,1.0,1.0,1.0,1.0,1.0,0.002297531347721815,0.002462627599015832,0.04239901155233383,0.0027680795174092054,,0.002228048862889409
ycb_video_000049_001661_02,0.01711668074131012,0.00025082440697588027,0.7315715551376343,0.7315715551376343,0.9727782011032104,0.999267041683197,1.0,1.0,1.0,0.007609731517732143,0.009506948292255402,0.029390942305326462,0.010501809418201447,,0.03777496889233589
ycb_video_000049_001815_03,0.03655766695737839,0.0008979873964563012,0.20829957723617554,0.20829957723617554,0.8704184889793396,0.9854692816734314,1.0,1.0,1.0,0.017009928822517395,0.01954773999750614,0.010081510990858078,0.020388580858707428,,0.027301430702209473
ycb_video_000049_001824_02,0.015014613047242165,0.00015247846022248268,0.7706583738327026,0.7706583738327026,0.9989001750946045,1.0,1.0,1.0,1.0,0.006948191672563553,0.008066421374678612,0.040358252823352814,0.00888022966682911,,0.016869833692908287
ycb_video_000049_001824_03,0.033875539898872375,0.00072727061342448,0.22053180634975433,0.22053180634975433,0.9181148409843445,0.9957231879234314,1.0,1.0,1.0,0.016241954639554024,0.017633583396673203,0.010005420073866844,0.018240662291646004,,0.016437649726867676
ycb_video_000049_001838_01,0.0042359791696071625,1.117296142183477e-05,0.9998779296875,0.9998779296875,1.0,1.0,1.0,1.0,1.0,0.002081934129819274,0.002154044806957245,0.004489702172577381,0.0023837522603571415,,0.001206951797939837
ycb_video_000049_001861_01,0.02355191484093666,0.0003523083287291229,0.4195297658443451,0.4195297658443451,0.9918178915977478,0.9995114803314209,0.9998779296875,1.0,1.0,0.011565488763153553,0.011986426077783108,0.02669486030936241,0.012457833625376225,,0.03548622131347656
ycb_video_000049_001871_01,0.025913022458553314,0.0004187692829873413,0.36890512704849243,0.36890512704849243,0.9877920150756836,0.9995114803314209,1.0,1.0,1.0,0.012680589221417904,0.013232432305812836,0.021821733564138412,0.013958106748759747,,0.016062280163168907
ycb_video_000049_001922_00,0.009337194263935089,6.103212581365369e-05,0.9732906818389893,0.9732906818389893,0.999267041683197,0.9993892908096313,1.0,1.0,1.0,0.004570040386170149,0.004767154343426228,0.0034410343505442142,0.005489997565746307,,0.02009572647511959
ycb_video_000049_001924_00,0.008775775320827961,5.6054363085422665e-05,0.9793305397033691,0.9793305397033691,0.999267041683197,0.999267041683197,1.0,1.0,1.0,0.004297399893403053,0.004478375427424908,0.0036711657885462046,0.005105532240122557,,0.03297916054725647
ycb_video_000049_001982_01,0.005132312886416912,1.610957224329468e-05,1.0,1.0,1.0,1.0,1.0,1.0,1.0,0.0025251605547964573,0.0026071525644510984,0.008481834083795547,0.002931289141997695,,0.0018430724740028381
ycb_video_000049_002046_03,0.03545176237821579,0.0008096570381894708,0.19907549023628235,0.19907549023628235,0.9017624855041504,0.9907225966453552,1.0,1.0,1.0,0.016629643738269806,0.018822116777300835,0.010336100123822689,0.019656479358673096,,0.01140411663800478
ycb_video_000049_002079_03,0.030464284121990204,0.000588795286603272,0.2648114264011383,0.2648114264011383,0.9531509876251221,0.9969478845596313,1.0,1.0,1.0,0.014363686554133892,0.016100598499178886,0.009126249700784683,0.01679922640323639,,0.009081244468688965
ycb_video_000049_002115_00,0.00888174120336771,5.312506982591003e-05,0.9754566550254822,0.9754566550254822,0.9995114803314209,0.9995114803314209,1.0,1.0,1.0,0.0042756088078022,0.00460613239556551,0.013161118142306805,0.005247154738754034,,0.022740954533219337
ycb_video_000049_002166_02,0.021515212953090668,0.0004073812160640955,0.6023820042610168,0.6023820042610168,0.943022608757019,0.9957274198532104,1.0,1.0,1.0,0.008307410404086113,0.013207802549004555,0.060098715126514435,0.014556891284883022,,0.023273298516869545
ycb_video_000049_002214_00,0.010181320831179619,9.46234940784052e-05,0.9373204708099365,0.9373204708099365,0.9980430603027344,0.9980430603027344,0.9997557997703552,1.0,1.0,0.004902595654129982,0.005278725642710924,0.021599676460027695,0.006226987112313509,,0.030367443338036537
ycb_video_000049_002316_02,0.018765252083539963,0.00030186501680873334,0.6681089997291565,0.6681089997291565,0.9727899432182312,0.9938589930534363,1.0,1.0,1.0,0.009559530764818192,0.009205722250044346,0.0613168403506279,0.010326918214559555,,0.048181574791669846
ycb_video_000049_002323_02,0.028679143637418747,0.0008656479185447097,0.5600314736366272,0.5600314736366272,0.8413857817649841,0.9399530291557312,1.0,1.0,1.0,0.009011611342430115,0.019667532294988632,0.07991413027048111,0.023021211847662926,,0.0421123243868351
ycb_video_000050_000073_03,0.022651026025414467,0.00039967658813111484,0.5043548345565796,0.5043548345565796,0.9839902520179749,0.9965702891349792,0.9984105825424194,1.0,1.0,0.011185401119291782,0.011465624906122684,0.009102262556552887,0.01232723705470562,,0.023954471573233604
ycb_video_000050_000158_03,0.02330601215362549,0.0004006408853456378,0.48797351121902466,0.48797351121902466,0.9791247248649597,0.9971844553947449,0.9990224838256836,1.0,1.0,0.011155313812196255,0.012150699272751808,0.008336448110640049,0.013191509060561657,,0.0335325188934803
ycb_video_000050_000163_02,0.02680988237261772,0.0005568248452618718,0.35230860114097595,0.35230860114097595,0.9782392382621765,0.9985330104827881,0.9990224838256836,0.9998779296875,0.9998779296875,0.01309883501380682,0.013711048290133476,0.008168172091245651,0.014210307970643044,,0.06401899456977844
ycb_video_000050_000184_01,0.05333419144153595,0.0027636722661554813,0.1860762983560562,0.1860762983560562,0.7430483102798462,0.8714393973350525,0.9718875288963318,0.9986554384231567,1.0,0.02906210906803608,0.02427208423614502,0.008392940275371075,0.025295505300164223,,0.10317780822515488
ycb_video_000050_000208_04,0.035299815237522125,0.0018148582894355059,0.27979758381843567,0.27979758381843567,0.9152571558952332,0.9836462736129761,0.9924978613853455,0.9960784316062927,0.9998779296875,0.018669160082936287,0.01663065329194069,0.009074793197214603,0.017518194392323494,,0.1608656495809555
ycb_video_000050_000230_04,0.034811243414878845,0.00162249687127769,0.2674378752708435,0.2674378752708435,0.9205231666564941,0.9872788786888123,0.9936118125915527,0.9954628944396973,1.0,0.017551569268107414,0.017259672284126282,0.009082144126296043,0.018186911940574646,,0.16423910856246948
ycb_video_000050_000329_03,0.02180958166718483,0.0003412168298382312,0.5181531310081482,0.5181531310081482,0.9866849184036255,0.9985336661338806,0.999267041683197,0.9998779296875,1.0,0.010756493546068668,0.011053088121116161,0.009072814136743546,0.011732733808457851,,0.017159312963485718
ycb_video_000050_000334_03,0.022991972044110298,0.00039922038558870554,0.4842061400413513,0.4842061400413513,0.9820512533187866,0.9970617294311523,0.9989001750946045,0.9997557997703552,1.0,0.0115071851760149,0.011484786868095398,0.007481619715690613,0.012272312305867672,,0.02773246169090271
ycb_video_000050_000347_01,0.025174718350172043,0.0004991567693650723,0.4948022961616516,0.4948022961616516,0.9322587847709656,0.9963244199752808,1.0,1.0,1.0,0.009944362565875053,0.01523035578429699,0.011938882060348988,0.01629125140607357,,0.027634477242827415
ycb_video_000050_000396_03,0.022945959120988846,0.00038519021472893655,0.4883112609386444,0.4883112609386444,0.9825435876846313,0.9970617294311523,0.9989001750946045,0.9998779296875,1.0,0.011423896998167038,0.011522063054144382,0.007911636494100094,0.012388349510729313,,0.03620382025837898
ycb_video_000050_000457_03,0.022850384935736656,0.0004063093801960349,0.49934449791908264,0.49934449791908264,0.9797095060348511,0.9957275390625,0.9991447925567627,0.9997557997703552,1.0,0.011103790253400803,0.011746594682335854,0.008427329361438751,0.012706408277153969,,0.026046564802527428
ycb_video_000050_000555_03,0.02184031531214714,0.00032101577380672097,0.5051392912864685,0.5051392912864685,0.989622175693512,0.9985350966453552,0.9996336698532104,1.0,1.0,0.010706517845392227,0.011133797466754913,0.008779900148510933,0.011868501082062721,,0.020730772987008095
ycb_video_000050_000613_03,0.023019302636384964,0.0005786682013422251,0.5028893947601318,0.5028893947601318,0.9852971434593201,0.9953396916389465,0.9973072409629822,0.9985330104827881,1.0,0.011916200630366802,0.011103102937340736,0.00756180752068758,0.011867918074131012,,0.04714896157383919
ycb_video_000050_000620_02,0.03662049025297165,0.0008386357803829014,0.17956335842609406,0.17956335842609406,0.8913532495498657,0.9951133728027344,1.0,1.0,1.0,0.017593111842870712,0.019027380272746086,0.01099291630089283,0.01953877881169319,,0.02160058356821537
ycb_video_000050_000723_01,0.4463304877281189,0.20897459983825684,0.005947265774011612,0.005947265774011612,0.05841484293341637,0.12303313612937927,0.28712573647499084,0.5657053589820862,0.8556758761405945,0.12406988441944122,0.3222605884075165,0.00021307042334228754,0.3224151134490967,,0.5160630941390991
ycb_video_000050_000947_04,0.031146757304668427,0.0010624844580888748,0.29865768551826477,0.29865768551826477,0.9476318359375,0.9904005527496338,0.9965702891349792,0.9976752996444702,1.0,0.015517465770244598,0.015629291534423828,0.009909361600875854,0.016339175403118134,,0.1367528885602951
ycb_video_000050_000974_00,0.0427885502576828,0.001300669158808887,0.14704495668411255,0.14704495668411255,0.822745144367218,0.9567831158638,0.9987778067588806,1.0,1.0,0.020321659743785858,0.022466888651251793,0.009816277772188187,0.023116610944271088,,0.03329797461628914
ycb_video_000050_000980_00,0.04203984886407852,0.0012586598750203848,0.1607540249824524,0.1607540249824524,0.8377118110656738,0.9600828886032104,0.9990224838256836,1.0,1.0,0.020061980932950974,0.021977867931127548,0.009865260683000088,0.022668752819299698,,0.025272905826568604
ycb_video_000050_000983_04,0.031138993799686432,0.0012761869002133608,0.30821114778518677,0.30821114778518677,0.9529053568840027,0.9908888339996338,0.9962014555931091,0.9965702891349792,1.0,0.015954293310642242,0.01518470048904419,0.009321875870227814,0.015951525419950485,,0.14864569902420044
ycb_video_000050_001029_04,0.030470572412014008,0.0010311987716704607,0.3012832701206207,0.3012832701206207,0.956738293170929,0.9918856024742126,0.9966931939125061,0.9976752996444702,1.0,0.015315172262489796,0.015155401080846786,0.009534183889627457,0.015922244638204575,,0.11792480945587158
ycb_video_000050_001112_01,0.044243328273296356,0.0013973427703604102,0.12657304108142853,0.12657304108142853,0.791781485080719,0.9705842733383179,0.9984105825424194,0.9996336698532104,1.0,0.02206372655928135,0.022179601714015007,0.010427423752844334,0.022340018302202225,,0.15480493009090424
ycb_video_000050_001154_01,0.034901246428489685,0.0008967098547145724,0.28304651379585266,0.28304651379585266,0.872801661491394,0.9861117601394653,0.9991447925567627,0.9997557997703552,1.0,0.017188096418976784,0.0177131500095129,0.007606443017721176,0.01803819090127945,,0.11717792600393295
ycb_video_000050_001229_00,0.04061990976333618,0.0011804068926721811,0.1715417355298996,0.1715417355298996,0.8504080772399902,0.9584473371505737,0.9996336698532104,1.0,1.0,0.019117804244160652,0.02150210365653038,0.009202990680932999,0.02220774069428444,,0.04650998115539551
ycb_video_000050_001234_04,0.03067827969789505,0.0011698204325512052,0.3173829913139343,0.3173829913139343,0.9532425403594971,0.993751585483551,0.9964473843574524,0.9970617294311523,1.0,0.015417656861245632,0.015260621905326843,0.009440654888749123,0.016070278361439705,,0.1154794692993164
ycb_video_000050_001309_04,0.030905093997716904,0.0012012352235615253,0.3097998797893524,0.3097998797893524,0.9499308466911316,0.9917758703231812,0.9960784316062927,0.9970617294311523,1.0,0.015546724200248718,0.015358369797468185,0.00919905211776495,0.01611381024122238,,0.11997431516647339
ycb_video_000050_001517_04,0.03102368302643299,0.0014848290011286736,0.3205038905143738,0.3205038905143738,0.9584473371505737,0.9923739433288574,0.9954628944396973,0.9963244199752808,1.0,0.016100706532597542,0.01492297649383545,0.009144533425569534,0.01551488321274519,,0.14762096107006073
ycb_video_000050_001568_01,0.08557797968387604,0.0048191179521381855,0.028437668457627296,0.028437668457627296,0.36247602105140686,0.6767709255218506,0.9780257940292358,1.0,1.0,0.040809132158756256,0.04476884752511978,0.021378062665462494,0.04484408721327782,,0.091730035841465
ycb_video_000050_001571_01,0.08524321019649506,0.004628410097211599,0.01916426233947277,0.01916426233947277,0.3202939033508301,0.6975960731506348,0.978147566318512,1.0,1.0,0.0419720858335495,0.04327112436294556,0.021410824730992317,0.043330658227205276,,0.020324548706412315
ycb_video_000050_001600_04,0.03161356970667839,0.0012839437695220113,0.31784433126449585,0.31784433126449585,0.9336162209510803,0.9921528697013855,0.9965702891349792,0.9975526332855225,1.0,0.01562341209501028,0.015990158542990685,0.008688150905072689,0.0168165136128664,,0.1380225270986557
ycb_video_000050_001743_03,0.02547767385840416,0.0006162652280181646,0.401658296585083,0.401658296585083,0.9824209213256836,0.9977979063987732,0.9980430603027344,0.9986554384231567,1.0,0.01291746273636818,0.012560210190713406,0.009275829419493675,0.01294062938541174,,0.08251025527715683
ycb_video_000050_001783_00,0.04106227308511734,0.0011960582341998816,0.17141416668891907,0.17141416668891907,0.8416337370872498,0.9638315439224243,0.998288094997406,1.0,1.0,0.01948617585003376,0.02157609723508358,0.010516923852264881,0.022362660616636276,,0.029009560123085976
ycb_video_000050_001829_03,0.027178144082427025,0.0008981107966974378,0.37573543190956116,0.37573543190956116,0.9801623225212097,0.9957091808319092,0.9969388842582703,0.9977979063987732,1.0,0.014246498234570026,0.012931645847856998,0.008660542778670788,0.013463682495057583,,0.09693149477243423
ycb_video_000050_001911_03,0.025864310562610626,0.0006462564924731851,0.4005263149738312,0.4005263149738312,0.9759495854377747,0.998288094997406,0.9987778067588806,0.999267041683197,1.0,0.013029912486672401,0.01283439714461565,0.010484995320439339,0.013492572121322155,,0.07699932903051376
ycb_video_000051_000109_01,0.02633948065340519,0.0006781193078495562,0.3738994002342224,0.3738994002342224,0.9818825721740723,0.9965702891349792,0.9980430603027344,0.9985330104827881,1.0,0.013608921319246292,0.012730559334158897,0.009658549912273884,0.013479839079082012,,0.10890889167785645
ycb_video_000051_000177_03,0.0018947041826322675,2.2148562948132167e-06,1.0,1.0,1.0,1.0,1.0,1.0,1.0,0.0009278929210267961,0.0009668112616054714,0.0019912421703338623,0.0011841122759506106,,0.0011018166551366448
ycb_video_000051_000196_01,0.026668496429920197,0.0007654502987861633,0.38455939292907715,0.38455939292907715,0.9692896008491516,0.9931170344352722,0.998288094997406,0.9984105825424194,1.0,0.013891239650547504,0.012777257710695267,0.007705405820161104,0.013806230388581753,,0.11316212266683578
ycb_video_000051_000251_04,0.044676773250103,0.0018548851367086172,0.13133132457733154,0.13133132457733154,0.815979540348053,0.9669567942619324,0.9943530559539795,0.9973072409629822,1.0,0.02401883713901043,0.020657934248447418,0.013609189540147781,0.02102743834257126,,0.1498454064130783
ycb_video_000051_000254_02,0.02520434930920601,0.0007945125689730048,0.4329645335674286,0.4329645335674286,0.9852040410041809,0.998288094997406,0.9987778067588806,0.9987778067588806,1.0,0.013073407113552094,0.01213094126433134,0.009674996137619019,0.012326969765126705,,0.12932904064655304
ycb_video_000051_000280_03,0.03910097852349281,0.0009373482898809016,0.1382969319820404,0.1382969319820404,0.8693033456802368,0.9948629140853882,1.0,1.0,1.0,0.01908259652554989,0.020018381997942924,0.013359946198761463,0.020303862169384956,,0.0038039684295654297
ycb_video_000051_000284_04,0.043379344046115875,0.0022638391237705946,0.14796169102191925,0.14796169102191925,0.8494971394538879,0.9770604968070984,0.9934881329536438,0.9950932264328003,1.0,0.02362895756959915,0.019750386476516724,0.012552236206829548,0.020136037841439247,,0.14724795520305634
ycb_video_000051_000348_04,0.04200642555952072,0.0017818970372900367,0.14220929145812988,0.14220929145812988,0.854830265045166,0.9749418497085571,0.995586097240448,0.9971844553947449,1.0,0.021742600947618484,0.020263824611902237,0.012179727666079998,0.020671185106039047,,0.15102706849575043
ycb_video_000051_000355_03,0.03858890384435654,0.0009101193863898516,0.14891578257083893,0.14891578257083893,0.8736234307289124,0.9954816102981567,1.0,1.0,1.0,0.01888081058859825,0.019708091393113136,0.012771718204021454,0.020001757889986038,,0.010293364524841309
ycb_video_000051_000369_01,0.022734615951776505,0.0004586342256516218,0.47835883498191833,0.47835883498191833,0.9903470277786255,0.9986554384231567,0.9991447925567627,0.9991447925567627,1.0,0.011347002349793911,0.011387614533305168,0.007988650351762772,0.012105312198400497,,0.10579889267683029
ycb_video_000051_000372_02,0.02625831961631775,0.0008335767779499292,0.40746134519577026,0.40746134519577026,0.9818213582038879,0.9981656074523926,0.9985330104827881,0.9985330104827881,1.0,0.013812066987156868,0.012446251697838306,0.00923211220651865,0.012703306041657925,,0.12314901500940323
ycb_video_000051_000479_02,0.024907715618610382,0.0005590276559814811,0.4318495988845825,0.4318495988845825,0.9825044870376587,0.9990224838256836,0.9991447925567627,0.9991447925567627,1.0,0.012774217873811722,0.012133498676121235,0.009232638403773308,0.012445487082004547,,0.10522079467773438
ycb_video_000051_000533_00,0.01248535793274641,0.00011610994988586754,0.8932183980941772,0.8932183980941772,0.998288094997406,0.9993892908096313,0.9996336698532104,1.0,1.0,0.006241827271878719,0.006243530660867691,0.004965755622833967,0.006727531552314758,,0.04078226163983345
ycb_video_000051_000760_01,0.0198654904961586,0.0003261843230575323,0.5903259515762329,0.5903259515762329,0.9964598417282104,0.9991447925567627,0.999267041683197,0.9993892908096313,1.0,0.009762008674442768,0.010103480890393257,0.009010638110339642,0.010914151556789875,,0.062257688492536545
ycb_video_000051_000975_01,0.017961598932743073,0.0002501082781236619,0.65321284532547,0.65321284532547,0.9986554384231567,0.9995114803314209,0.9995114803314209,0.9995114803314209,1.0,0.008855082094669342,0.009106517769396305,0.010489181615412235,0.00970833282917738,,0.04659208655357361
ycb_video_000051_001129_03,0.03915859013795853,0.0009512028191238642,0.15185193717479706,0.15185193717479706,0.8634796738624573,0.9925259351730347,1.0,1.0,1.0,0.018488679081201553,0.020669911056756973,0.01138615794479847,0.021174835041165352,,0.01845240592956543
ycb_video_000051_001244_03,0.0024264641106128693,3.6962892409064807e-06,0.9998779296875,0.9998779296875,1.0,1.0,1.0,1.0,1.0,0.0011464630952104926,0.0012800008989870548,0.014716782607138157,0.0014364909147843719,,0.0037570532876998186
ycb_video_000051_001251_00,0.03872004151344299,0.0009497763821855187,0.16064453125,0.16064453125,0.8663293719291687,0.9931554198265076,0.9995114803314209,0.9998779296875,1.0,0.018647031858563423,0.02007300779223442,0.010653818026185036,0.020589856430888176,,0.011683742515742779
ycb_video_000051_001298_04,0.028584390878677368,0.0017681941390037537,0.4586615264415741,0.4586615264415741,0.9596543908119202,0.9878922700881958,0.9933644533157349,0.9937354326248169,1.0,0.016054192557930946,0.012530199252068996,0.005540141835808754,0.013414096087217331,,0.14471803605556488
ycb_video_000051_001349_04,0.02642470970749855,0.0019740809220820665,0.5229322910308838,0.5229322910308838,0.9780170321464539,0.9911330342292786,0.9911330342292786,0.9913814067840576,1.0,0.015056511387228966,0.01136819925159216,0.0058883316814899445,0.012079480104148388,,0.13301923871040344
ycb_video_000051_001423_03,0.002416364848613739,3.878962161252275e-06,0.9997557997703552,0.9997557997703552,1.0,1.0,1.0,1.0,1.0,0.001146432594396174,0.0012699321378022432,0.0029063946567475796,0.0014514903305098414,,0.0076998695731163025
ycb_video_000051_001441_04,0.06858517974615097,0.009788081049919128,0.3201920688152313,0.3201920688152313,0.7285223603248596,0.8088238835334778,0.9140035510063171,0.9659168720245361,1.0,0.014040057547390461,0.054545123130083084,0.035493675619363785,0.060018498450517654,,0.169168159365654
ycb_video_000051_001574_01,0.018232733011245728,0.00021455518435686827,0.6478232741355896,0.6478232741355896,0.9963277578353882,0.9998779296875,1.0,1.0,1.0,0.009059425443410873,0.00917330663651228,0.008540081791579723,0.010053555481135845,,0.004691203590482473
ycb_video_000051_001662_00,0.039876289665699005,0.0010974945034831762,0.1501365602016449,0.1501365602016449,0.8518116474151611,0.9918187260627747,0.9979205131530762,0.999267041683197,1.0,0.019644716754555702,0.020231574773788452,0.011725001968443394,0.020755838602781296,,0.008063018321990967
ycb_video_000051_001735_03,0.030956409871578217,0.0006221494404599071,0.2670120298862457,0.2670120298862457,0.9502586722373962,0.9984123706817627,0.9997557997703552,0.9997557997703552,1.0,0.014822321012616158,0.01613408885896206,0.008048187009990215,0.01693124882876873,,0.09670647233724594
ycb_video_000051_001775_03,0.039860799908638,0.0010812480468302965,0.1507045477628708,0.1507045477628708,0.868656575679779,0.9724708795547485,0.9993892908096313,1.0,1.0,0.018639717251062393,0.021221082657575607,0.0097293546423316,0.021891102194786072,,0.06178468465805054
ycb_video_000051_001813_04,0.026795633137226105,0.0010583868715912104,0.5090305805206299,0.5090305805206299,0.9430210590362549,0.9798503518104553,0.9945998787879944,0.9966931939125061,1.0,0.013359096832573414,0.013436535373330116,0.006820665206760168,0.014643801376223564,,0.12078837305307388
ycb_video_000051_001848_02,0.045925337821245193,0.0014175169635564089,0.11747448891401291,0.11747448891401291,0.771337628364563,0.9623750448226929,0.998288094997406,1.0,1.0,0.02282153256237507,0.023103805258870125,0.013822211883962154,0.023349706083536148,,0.038252830505371094
ycb_video_000051_001891_01,0.019065264612436295,0.000240834298892878,0.5983752608299255,0.5983752608299255,0.9981689453125,0.9998779296875,0.9998779296875,0.9998779296875,1.0,0.009340869262814522,0.009724395349621773,0.008109329268336296,0.010338622145354748,,0.045862991362810135
ycb_video_000051_001906_04,0.03747137635946274,0.0014638133579865098,0.20441557466983795,0.20441557466983795,0.8901151418685913,0.9825311899185181,0.9965734481811523,0.9984105825424194,1.0,0.0186357032507658,0.018835673108696938,0.009503076784312725,0.019422311335802078,,0.17956320941448212
ycb_video_000051_001930_01,0.01882316544651985,0.00021774206834379584,0.6071100831031799,0.6071100831031799,0.9995116591453552,1.0,1.0,1.0,1.0,0.00918987300246954,0.009633293375372887,0.008445117622613907,0.010386950336396694,,0.01460045576095581
ycb_video_000052_000039_00,0.039155200123786926,0.0009577575838193297,0.14819295704364777,0.14819295704364777,0.8648278713226318,0.9927884936332703,0.9998779296875,0.9998779296875,1.0,0.019006185233592987,0.02014901302754879,0.012512750923633575,0.020512612536549568,,0.01879473589360714
ycb_video_000052_000084_02,0.00487314211204648,1.6295467503368855e-05,0.9973106384277344,0.9973106384277344,1.0,1.0,1.0,1.0,1.0,0.002339594531804323,0.002533547580242157,0.004977081902325153,0.0028658341616392136,,0.004021520260721445
ycb_video_000052_000278_00,0.005208279937505722,1.830759720178321e-05,0.9995114803314209,0.9995114803314209,0.9997557997703552,0.9997557997703552,1.0,1.0,1.0,0.002571716206148267,0.0026365637313574553,0.002465856494382024,0.003016358707100153,,0.004328504204750061
ycb_video_000052_000567_00,0.004469217732548714,1.2522996257757768e-05,0.9996336698532104,0.9996336698532104,0.9998779296875,1.0,1.0,1.0,1.0,0.002236373722553253,0.0022328440099954605,0.0026872004382312298,0.002517764223739505,,0.006091331597417593
ycb_video_000052_000743_02,0.006283780559897423,2.506867349438835e-05,0.9964581727981567,0.9964581727981567,1.0,1.0,1.0,1.0,1.0,0.003018769435584545,0.003265010891482234,0.006650478579103947,0.003405655035749078,,0.0032473404426127672
ycb_video_000052_000859_01,0.02531268820166588,0.0004318284336477518,0.420215368270874,0.420215368270874,0.9635187387466431,0.9990224838256836,0.9998779296875,1.0,1.0,0.011922297067940235,0.013390391133725643,0.009799035266041756,0.014195154421031475,,0.012261311523616314
ycb_video_000053_000099_01,0.003674069419503212,8.743490070628468e-06,0.9996336698532104,0.9996336698532104,1.0,1.0,1.0,1.0,1.0,0.0018230302957817912,0.0018510391237214208,0.008098005317151546,0.0022231005132198334,,0.001984399976208806
ycb_video_000053_000328_00,0.029304776340723038,0.0005894505884498358,0.2744120955467224,0.2744120955467224,0.975452721118927,0.9997557997703552,0.9997557997703552,0.9998779296875,0.9998779296875,0.01455439068377018,0.014750385656952858,0.009373651817440987,0.015259268693625927,,0.0657038688659668
ycb_video_000053_000487_02,0.0066995518282055855,4.0801314753480256e-05,0.9979236125946045,0.9979236125946045,0.9997557997703552,0.9997557997703552,0.9997557997703552,1.0,1.0,0.00331665575504303,0.0033828960731625557,0.038922738283872604,0.0035457750782370567,,0.053399842232465744
ycb_video_000053_000789_01,0.00556376576423645,2.2357908164849505e-05,0.993649423122406,0.993649423122406,1.0,1.0,1.0,1.0,1.0,0.0024794030468910933,0.003084362717345357,0.018171589821577072,0.0038633951917290688,,0.00324075180105865
ycb_video_000053_000822_02,0.007751474156975746,4.285322575015016e-05,0.9688675999641418,0.9688675999641418,1.0,1.0,1.0,1.0,1.0,0.003997282590717077,0.0037541913334280252,0.027810504660010338,0.0043025147169828415,,0.004633210599422455
ycb_video_000053_000833_01,0.002498138230293989,4.936569439450977e-06,0.9993892908096313,0.9993892908096313,1.0,1.0,1.0,1.0,1.0,0.00115965458098799,0.0013384836493059993,0.01742134802043438,0.0016273101791739464,,0.0017331404378637671
ycb_video_000054_000138_01,0.03382351994514465,0.000850628362968564,0.2393200546503067,0.2393200546503067,0.925263524055481,0.9938830137252808,0.9984105825424194,0.9991447925567627,1.0,0.016905799508094788,0.016917720437049866,0.011322546750307083,0.017480798065662384,,0.08872660249471664
ycb_video_000054_000195_01,0.034960728138685226,0.0008455155184492469,0.1865183264017105,0.1865183264017105,0.9222536683082581,0.9951162338256836,0.9987778067588806,0.9996336698532104,1.0,0.01718933880329132,0.017771389335393906,0.011417541652917862,0.01838279701769352,,0.058099787682294846
ycb_video_000054_000544_00,0.01541390921920538,0.00016534430324099958,0.77243572473526,0.77243572473526,0.9947258234024048,0.9997557997703552,1.0,1.0,1.0,0.007274736650288105,0.008139172568917274,0.008811352774500847,0.008854174986481667,,0.0071909427642822266
ycb_video_000054_000581_04,0.03572624921798706,0.0012745679123327136,0.22655454277992249,0.22655454277992249,0.9104765057563782,0.9869489073753357,0.9939825534820557,0.9971844553947449,1.0,0.018018055707216263,0.017708195373415947,0.00837615504860878,0.018337469547986984,,0.1337565928697586
ycb_video_000054_000686_02,0.036729320883750916,0.0008194663096219301,0.15685798227787018,0.15685798227787018,0.90234375,0.9971880912780762,1.0,1.0,1.0,0.017925508320331573,0.018803812563419342,0.013084912672638893,0.019157877191901207,,0.0099373459815979
ycb_video_000054_000817_02,0.008065739646553993,4.139365773880854e-05,0.9945024847984314,0.9945024847984314,0.9997557997703552,0.9997557997703552,1.0,1.0,1.0,0.003967392258346081,0.0040983473882079124,0.008647355251014233,0.0045618233270943165,,0.006297464016824961
ycb_video_000054_000885_04,0.029965268447995186,0.0008839273359626532,0.310472309589386,0.310472309589386,0.9547777771949768,0.9915466904640198,0.9980430603027344,0.9984105825424194,1.0,0.014843754470348358,0.015121513977646828,0.010666348040103912,0.015694400295615196,,0.04941914603114128
ycb_video_000054_000926_03,0.007998751476407051,4.04546590289101e-05,0.9916931986808777,0.9916931986808777,0.9995114803314209,1.0,1.0,1.0,1.0,0.0038752141408622265,0.004123537801206112,0.0038651353679597378,0.004349335562437773,,0.012150868773460388
ycb_video_000054_000952_00,0.013184044510126114,0.00011895995703525841,0.877287745475769,0.877287745475769,0.9991447925567627,0.9995114803314209,0.9996336698532104,1.0,1.0,0.006459204480051994,0.006724840495735407,0.020133990794420242,0.007199167273938656,,0.05147162079811096
ycb_video_000054_000984_03,0.0034238805528730154,7.130604899430182e-06,1.0,1.0,1.0,1.0,1.0,1.0,1.0,0.0016676984960213304,0.001756182056851685,0.006507894955575466,0.001889718696475029,,0.0009638096089474857
ycb_video_000054_000998_00,0.013537966646254063,0.00011936039663851261,0.8505856394767761,0.8505856394767761,0.9993892908096313,0.9996336698532104,0.9998779296875,1.0,1.0,0.006576864048838615,0.006961102597415447,0.02250511199235916,0.007459412328898907,,0.03682635352015495
ycb_video_000054_001090_04,0.03153180703520775,0.0009279052610509098,0.2787076532840729,0.2787076532840729,0.939453125,0.9938700199127197,0.9979205131530762,0.9980430603027344,1.0,0.015468819998204708,0.016062986105680466,0.007647950667887926,0.016683096066117287,,0.11822465807199478
ycb_video_000054_001105_03,0.0037168008275330067,1.0774871043395251e-05,0.9998779296875,0.9998779296875,0.9998779296875,0.9998779296875,1.0,1.0,1.0,0.0017868303693830967,0.0019299703417345881,0.0025578299537301064,0.002094937488436699,,0.026753364130854607
ycb_video_000054_001161_02,0.0032429329585283995,7.1137355917016976e-06,0.9995114803314209,0.9995114803314209,0.9997557997703552,1.0,1.0,1.0,1.0,0.001603939919732511,0.0016389930387958884,0.00205794395878911,0.0018053180538117886,,0.004210608545690775
ycb_video_000054_001174_02,0.03753744810819626,0.0009401672286912799,0.15267473459243774,0.15267473459243774,0.8998554944992065,0.9971923828125,0.9995114803314209,0.9995114803314209,1.0,0.018696311861276627,0.018841136246919632,0.01267037633806467,0.019133850932121277,,0.03128635883331299
ycb_video_000054_001249_02,0.03814892843365669,0.001015300047583878,0.1491074413061142,0.1491074413061142,0.8880453705787659,0.9963376522064209,0.9993892908096313,0.9993892908096313,1.0,0.019188901409506798,0.018960027024149895,0.012681102380156517,0.019227677956223488,,0.01726001501083374
ycb_video_000054_001276_01,0.030444428324699402,0.000733887602109462,0.2746269404888153,0.2746269404888153,0.9625424146652222,0.9982888698577881,0.9985330104827881,0.9995114803314209,1.0,0.01515952218323946,0.015284906141459942,0.010668867267668247,0.01569707877933979,,0.09867238998413086
ycb_video_000054_001277_01,0.030105575919151306,0.0006912119570188224,0.27598536014556885,0.27598536014556885,0.9637914299964905,0.998043954372406,0.9991447925567627,0.9995114803314209,1.0,0.015011708252131939,0.015093866735696793,0.011911069974303246,0.015446997247636318,,0.08809331804513931
ycb_video_000054_001359_02,0.036778684705495834,0.0008944141445681453,0.16516636312007904,0.16516636312007904,0.9009112119674683,0.9971920251846313,0.9997557997703552,0.9997557997703552,1.0,0.018074993044137955,0.01870369166135788,0.0125392721965909,0.019084244966506958,,0.012723088264465332
ycb_video_000054_001397_02,0.0032732966355979443,7.153690148697933e-06,0.9996336698532104,0.9996336698532104,0.9997557997703552,1.0,1.0,1.0,1.0,0.0016163563122972846,0.0016569404397159815,0.006181878037750721,0.0018332903273403645,,0.0012253945460543036
ycb_video_000054_001505_01,0.029321905225515366,0.0006307912990450859,0.29171863198280334,0.29171863198280334,0.9698517322540283,0.9987792372703552,0.999267041683197,0.9995114803314209,1.0,0.014457141049206257,0.014864763244986534,0.010913889855146408,0.015315907076001167,,0.0589706115424633
ycb_video_000054_001516_04,0.0341799333691597,0.0021120868623256683,0.29781368374824524,0.29781368374824524,0.9485117793083191,0.9877731204032898,0.9917538166046143,0.9924978613853455,1.0,0.019358227029442787,0.014821707271039486,0.007353669498115778,0.015259873121976852,,0.17170637845993042
ycb_video_000054_001629_04,0.036399468779563904,0.002680451376363635,0.2757290005683899,0.2757290005683899,0.939730703830719,0.9818803668022156,0.9896398782730103,0.9902625679969788,1.0,0.02132885530591011,0.015070611611008644,0.0069531966000795364,0.015502042137086391,,0.20692063868045807
ycb_video_000054_001689_04,0.038126006722450256,0.0035510400775820017,0.2905367314815521,0.2905367314815521,0.9345175623893738,0.9786913394927979,0.987767219543457,0.9885171055793762,1.0,0.023132985457777977,0.01499301940202713,0.006901024375110865,0.015444816090166569,,0.2245430201292038
ycb_video_000054_001707_03,0.013610215857625008,0.00011764635564759374,0.8391972780227661,0.8391972780227661,0.9995114803314209,1.0,1.0,1.0,1.0,0.006535370368510485,0.00707484595477581,0.008051182143390179,0.007804249878972769,,0.007672756910324097
ycb_video_000054_001793_04,0.06410184502601624,0.008509157225489616,0.14353977143764496,0.14353977143764496,0.7454773783683777,0.888102650642395,0.9661787152290344,0.9789355397224426,0.9969388842582703,0.04156239703297615,0.022539444267749786,0.007920925505459309,0.023054715245962143,,0.2313666194677353
ycb_video_000054_001892_04,0.09802524745464325,0.01071282010525465,0.1000576987862587,0.1000576987862587,0.5068745017051697,0.7151114344596863,0.8677725791931152,0.9637920260429382,1.0,0.041768815368413925,0.056256428360939026,0.1314953714609146,0.058405451476573944,,0.20982491970062256
ycb_video_000055_000008_05,0.005799461156129837,3.048098733415827e-05,0.9800630211830139,0.9800630211830139,0.9980430603027344,1.0,1.0,1.0,1.0,0.002707597566768527,0.00309186358936131,0.00873555801808834,0.0038368883542716503,,0.00604817271232605
ycb_video_000055_000036_05,0.006043015513569117,3.202555308234878e-05,0.9797859787940979,0.9797859787940979,0.9984105825424194,0.9997557997703552,1.0,1.0,1.0,0.002753303386271,0.0032897121272981167,0.007694014813750982,0.004085525870323181,,0.008598615415394306
ycb_video_000055_000049_04,0.02026461437344551,0.0003042212047148496,0.5778420567512512,0.5778420567512512,0.9904611110687256,0.9996336698532104,0.9998779296875,0.9998779296875,1.0,0.010145856067538261,0.01011875830590725,0.01181789766997099,0.010714031755924225,,0.13137434422969818
ycb_video_000055_000055_05,0.005412476137280464,2.4197132006520405e-05,0.9868859052658081,0.9868859052658081,0.9991447925567627,0.9998779296875,1.0,1.0,1.0,0.002420756733044982,0.0029917191714048386,0.004412194713950157,0.003722422057762742,,0.007789077702909708
ycb_video_000055_000153_05,0.023618236184120178,0.0005063961143605411,0.5040105581283569,0.5040105581283569,0.9744791984558105,0.9973072409629822,0.9991447925567627,0.9995114803314209,1.0,0.011362806893885136,0.012255429290235043,0.006673078518360853,0.013608741573989391,,0.05758492276072502
ycb_video_000055_000181_03,0.06391029804944992,0.0026452974416315556,0.036465954035520554,0.036465954035520554,0.5284024477005005,0.8739065527915955,0.9946187734603882,1.0,1.0,0.029563328251242638,0.03434697166085243,0.014520509168505669,0.034692175686359406,,0.051474254578351974
ycb_video_000055_000247_02,0.01101960614323616,7.393544365186244e-05,0.9436588883399963,0.9436588883399963,1.0,1.0,1.0,1.0,1.0,0.0054415869526565075,0.005578019190579653,0.014422724023461342,0.006056598387658596,,0.002902905223891139
ycb_video_000055_000268_00,0.026924937963485718,0.0007577835931442678,0.33658134937286377,0.33658134937286377,0.9892382621765137,0.9990224838256836,0.9991447925567627,0.999267041683197,0.9998779296875,0.013798264786601067,0.013126672245562077,0.010297084227204323,0.013382934965193272,,0.07210133224725723
ycb_video_000055_000306_02,0.011000577360391617,7.415802974719554e-05,0.9492111802101135,0.9492111802101135,0.9998779296875,0.9998779296875,1.0,1.0,1.0,0.005485737696290016,0.005514839198440313,0.01605602353811264,0.0058709243312478065,,0.01302106212824583
ycb_video_000055_000310_02,0.01156884990632534,8.715260628378019e-05,0.9401358366012573,0.9401358366012573,0.9995114803314209,0.9995114803314209,0.9998779296875,1.0,1.0,0.005790618248283863,0.00577823119238019,0.01029394380748272,0.006108696106821299,,0.02544371224939823
ycb_video_000055_000361_03,0.005136414896696806,1.7929391106008552e-05,0.9998779296875,0.9998779296875,1.0,1.0,1.0,1.0,1.0,0.0023551357444375753,0.0027812791522592306,0.019112173467874527,0.003173310775309801,,0.005535472184419632
ycb_video_000055_000368_03,0.004299260675907135,1.2353486454230733e-05,0.9998779296875,0.9998779296875,1.0,1.0,1.0,1.0,1.0,0.0019745908211916685,0.0023246698547154665,0.00971605721861124,0.002642544684931636,,0.0032683126628398895
ycb_video_000055_000394_00,0.02864679880440235,0.0009195496095344424,0.28681859374046326,0.28681859374046326,0.9855838418006897,0.9989001750946045,0.9989001750946045,0.9989001750946045,1.0,0.01468162052333355,0.013965178281068802,0.010433997958898544,0.014343414455652237,,0.09473166614770889
ycb_video_000055_000408_00,0.0027692466974258423,7.274432846315904e-06,0.9991447925567627,0.9991447925567627,0.9995114803314209,0.9996336698532104,1.0,1.0,1.0,0.001408335636369884,0.00136091117747128,0.0018807083833962679,0.001543306396342814,,0.011288660578429699
ycb_video_000055_000457_00,0.02619204670190811,0.0007397869485430419,0.3731398284435272,0.3731398284435272,0.9866889119148254,0.9991447925567627,0.9991447925567627,0.9991447925567627,0.9998779296875,0.013323095627129078,0.012868951074779034,0.009713311679661274,0.013171837665140629,,0.10360357910394669
ycb_video_000055_000494_02,0.01206359826028347,9.586229862179607e-05,0.9123885631561279,0.9123885631561279,0.9996336698532104,0.9996336698532104,0.9998779296875,1.0,1.0,0.006034582853317261,0.006029015406966209,0.01996990665793419,0.006549507845193148,,0.04867241904139519
ycb_video_000055_000508_01,0.029225539416074753,0.0006301134126260877,0.3001648783683777,0.3001648783683777,0.9748432040214539,0.9963244199752808,0.9970617294311523,1.0,1.0,0.014809643849730492,0.014415894635021687,0.010730301029980183,0.014743132516741753,,0.045940499752759933
ycb_video_000055_000514_05,0.004513334482908249,1.3370679880608805e-05,0.9997557997703552,0.9997557997703552,1.0,1.0,1.0,1.0,1.0,0.002146218903362751,0.002367115579545498,0.013293120078742504,0.0028076842427253723,,0.0036673645954579115
ycb_video_000055_000595_01,0.03232666105031967,0.0007575417403131723,0.24250204861164093,0.24250204861164093,0.9447013735771179,0.9948466420173645,0.9974299073219299,0.9998779296875,1.0,0.01637156307697296,0.01595509797334671,0.01067325472831726,0.01633942686021328,,0.052032094448804855
ycb_video_000055_000687_01,0.029433226212859154,0.0006010779761709273,0.3084716200828552,0.3084716200828552,0.9538534283638,0.9950977563858032,0.9987778067588806,1.0,1.0,0.01474589854478836,0.014687327668070793,0.010073929093778133,0.015125920996069908,,0.04207068681716919
ycb_video_000055_000765_02,0.012430381029844284,9.7402255050838e-05,0.8708754181861877,0.8708754181861877,1.0,1.0,1.0,1.0,1.0,0.006198408082127571,0.006231973413378,0.009303947910666466,0.006845306605100632,,0.005611548665910959
ycb_video_000055_000773_05,0.00433451309800148,1.2014488675049506e-05,1.0,1.0,1.0,1.0,1.0,1.0,1.0,0.002059793099761009,0.002274719998240471,0.010214613750576973,0.0027496544644236565,,0.0016077210893854499
ycb_video_000055_000919_00,0.04932697117328644,0.0014725869987159967,0.07711058109998703,0.07711058109998703,0.7062579989433289,0.9740940928459167,1.0,1.0,1.0,0.02448391728103161,0.02484305575489998,0.017029207199811935,0.024996455758810043,,0.01817508600652218
ycb_video_000055_000976_01,0.028333628550171852,0.0006890171207487583,0.33587223291397095,0.33587223291397095,0.9666096568107605,0.9942560791969299,0.9980430603027344,0.9990224838256836,1.0,0.014148276299238205,0.014185352250933647,0.009561164304614067,0.014670372009277344,,0.019794603809714317
ycb_video_000055_000989_04,0.029401343315839767,0.0016389037482440472,0.35524600744247437,0.35524600744247437,0.9568779468536377,0.9951150417327881,0.998288094997406,0.998288094997406,0.9985330104827881,0.014999673701822758,0.014401670545339584,0.010106988251209259,0.014733226969838142,,0.16301923990249634
ycb_video_000055_001013_04,0.03134194761514664,0.0015227984404191375,0.3033551871776581,0.3033551871776581,0.9397302269935608,0.9924306869506836,0.998288094997406,0.9984105825424194,0.9990224838256836,0.015927942469716072,0.015414005145430565,0.010303253307938576,0.015744905918836594,,0.1593935638666153
ycb_video_000055_001024_05,0.004397596698254347,1.2466774933272973e-05,0.9998779296875,0.9998779296875,1.0,1.0,1.0,1.0,1.0,0.002039897022768855,0.0023576996754854918,0.00958916824311018,0.002825312316417694,,0.001932737766765058
ycb_video_000055_001116_03,0.0037401726003736258,9.493178367847577e-06,1.0,1.0,1.0,1.0,1.0,1.0,1.0,0.0017262196633964777,0.002013952936977148,0.01032671332359314,0.002333232434466481,,0.0034869511146098375
ycb_video_000055_001144_03,0.05823790282011032,0.0021603768691420555,0.06225202977657318,0.06225202977657318,0.5947687029838562,0.8987648487091064,0.9998779296875,1.0,1.0,0.02706044353544712,0.03117746114730835,0.014961299486458302,0.03152395784854889,,0.020004749298095703
ycb_video_000055_001156_03,0.003999016247689724,1.0550112165219616e-05,1.0,1.0,1.0,1.0,1.0,1.0,1.0,0.001838018884882331,0.0021609975956380367,0.00598626583814621,0.0026306433137506247,,0.0033234853763133287
ycb_video_000055_001288_04,0.030963361263275146,0.0017812991281971335,0.33001473546028137,0.33001473546028137,0.9404096603393555,0.9919432997703552,0.9981656074523926,0.9981656074523926,0.9981656074523926,0.015473679639399052,0.015489681623876095,0.009282472543418407,0.016017232090234756,,0.16533595323562622
ycb_video_000055_001296_03,0.003481426043435931,7.520390227000462e-06,1.0,1.0,1.0,1.0,1.0,1.0,1.0,0.0016471990384161472,0.001834227005019784,0.0019031036645174026,0.002110364381223917,,0.00025544813252054155
ycb_video_000055_001430_03,0.0031414516270160675,6.187913641042542e-06,1.0,1.0,1.0,1.0,1.0,1.0,1.0,0.0014959212858229876,0.00164553034119308,0.008862351067364216,0.001840975251980126,,0.0018645984819158912
ycb_video_000055_001499_01,0.025345459580421448,0.00044434922165237367,0.39920976758003235,0.39920976758003235,0.9775360822677612,0.997555673122406,0.9995114803314209,0.9998779296875,1.0,0.012386472895741463,0.01295898575335741,0.009061605669558048,0.013469462282955647,,0.008816937915980816
ycb_video_000055_001612_05,0.0035072755999863148,9.057699571712874e-06,0.9977979063987732,0.9977979063987732,0.9997557997703552,1.0,1.0,1.0,1.0,0.0017467009602114558,0.0017605747561901808,0.005364066455513239,0.0019698042888194323,,0.008005362935364246
ycb_video_000055_001635_00,0.002303013112396002,3.2940765777311753e-06,1.0,1.0,1.0,1.0,1.0,1.0,1.0,0.001147190690971911,0.001155822305008769,0.01442800834774971,0.0013496177271008492,,0.0014842102536931634
ycb_video_000055_001660_03,0.0028016483411192894,4.927494956064038e-06,1.0,1.0,1.0,1.0,1.0,1.0,1.0,0.001324242795817554,0.0014774056617170572,0.00454645324498415,0.0016949212877079844,,0.001145577640272677
ycb_video_000055_001661_03,0.0028430609963834286,5.1600395636342e-06,1.0,1.0,1.0,1.0,1.0,1.0,1.0,0.0013345715124160051,0.0015084893675521016,0.005440456327050924,0.0017344948137179017,,0.0015169220278039575
ycb_video_000055_001747_03,0.0028605726547539234,5.189688181417296e-06,1.0,1.0,1.0,1.0,1.0,1.0,1.0,0.0013400936732068658,0.0015204790979623795,0.004464499186724424,0.0017615343676880002,,0.0017045661807060242
ycb_video_000055_001788_04,0.02765529230237007,0.0007003627251833677,0.4236427843570709,0.4236427843570709,0.9403245449066162,0.97819983959198,0.9990233778953552,0.9997557997703552,1.0,0.01217101514339447,0.015484277158975601,0.0319056361913681,0.016726674512028694,,0.0579819492995739
ycb_video_000055_001815_00,0.0022657837253063917,3.1352801670436747e-06,1.0,1.0,1.0,1.0,1.0,1.0,1.0,0.0011433821637183428,0.001122401561588049,0.017820319160819054,0.0012310970341786742,,0.0009260078077204525
ycb_video_000055_001821_03,0.003034961177036166,6.139725883258507e-06,1.0,1.0,1.0,1.0,1.0,1.0,1.0,0.001391576137393713,0.0016433850396424532,0.0017073755152523518,0.001933666761033237,,0.0006331242620944977
ycb_video_000056_000023_01,0.0660833790898323,0.003438678802922368,0.07412824034690857,0.07412824034690857,0.5722450613975525,0.815410315990448,0.9728119373321533,0.9997557997703552,1.0,0.026694467291235924,0.03938890993595123,0.012405568733811378,0.040455225855112076,,0.03946622088551521
ycb_video_000056_000183_02,0.0024770786985754967,3.960948561143596e-06,1.0,1.0,1.0,1.0,1.0,1.0,1.0,0.0011564994929358363,0.0013205790892243385,0.0024890066124498844,0.001356127206236124,,0.0012100065359845757
ycb_video_000056_000224_00,0.036181095987558365,0.0008113579824566841,0.163619726896286,0.163619726896286,0.9122294783592224,0.9985342025756836,0.9993892908096313,1.0,1.0,0.018244311213493347,0.017936784774065018,0.012204747647047043,0.018105605617165565,,0.02415953017771244
ycb_video_000056_000237_01,0.05156254768371582,0.0017780886264517903,0.085601806640625,0.085601806640625,0.692513644695282,0.9257017374038696,0.9985330104827881,1.0,1.0,0.023277610540390015,0.028284937143325806,0.011171804741024971,0.02905159443616867,,0.06106269359588623
ycb_video_000056_000275_03,0.0021667112596333027,3.0120377232378814e-06,1.0,1.0,1.0,1.0,1.0,1.0,1.0,0.0010639115935191512,0.0011027997825294733,0.007589178625494242,0.0012567683588713408,,0.0005436614155769348
ycb_video_000056_000281_01,0.02407079190015793,0.0004289906064514071,0.4771486222743988,0.4771486222743988,0.9696980714797974,0.995849072933197,0.9998779296875,0.9998779296875,1.0,0.010754413902759552,0.013316378928720951,0.006506080273538828,0.014593219384551048,,0.06568809598684311
ycb_video_000056_000286_03,0.0021525092888623476,2.9671728043467738e-06,1.0,1.0,1.0,1.0,1.0,1.0,1.0,0.0010495090391486883,0.0011030002497136593,0.008494781330227852,0.0013313278323039412,,0.0007303853635676205
ycb_video_000056_000357_00,0.009081188589334488,5.0855531299021095e-05,0.9832756519317627,0.9832756519317627,0.9998779296875,0.9998779296875,1.0,1.0,1.0,0.004547556862235069,0.004533631727099419,0.004357969854027033,0.004830515943467617,,0.003950029611587524
ycb_video_000056_000375_02,0.002600001636892557,4.391164111439139e-06,1.0,1.0,1.0,1.0,1.0,1.0,1.0,0.0012372815981507301,0.0013627199223265052,0.004144114907830954,0.0013817972503602505,,0.0005965356831438839
ycb_video_000056_000438_01,0.021605603396892548,0.00032038643257692456,0.521194577217102,0.521194577217102,0.9864422082901001,0.9996336698532104,0.9998779296875,0.9998779296875,1.0,0.009807181544601917,0.011798420920968056,0.005851778667420149,0.012754533439874649,,0.03729544207453728
ycb_video_000056_000478_00,0.008740602061152458,4.607435403158888e-05,0.9898587465286255,0.9898587465286255,1.0,1.0,1.0,1.0,1.0,0.004360321909189224,0.004380280151963234,0.003303369041532278,0.004671684466302395,,0.0021548569202423096
ycb_video_000056_000508_00,0.00920210313051939,5.160910222912207e-05,0.9809433817863464,0.9809433817863464,1.0,1.0,1.0,1.0,1.0,0.004613518249243498,0.004588584881275892,0.009617040865123272,0.004909413401037455,,0.0022396843414753675
ycb_video_000056_000517_01,0.021401751786470413,0.0003181158099323511,0.5501936078071594,0.5501936078071594,0.9822917580604553,0.9976752996444702,1.0,1.0,1.0,0.009930144995450974,0.011471607722342014,0.0063419826328754425,0.012521548196673393,,0.04099231958389282
ycb_video_000056_000527_01,0.02242816984653473,0.00037271564360708,0.5249078869819641,0.5249078869819641,0.9788784384727478,0.9964566230773926,0.9998779296875,0.9998779296875,1.0,0.010184301994740963,0.01224386878311634,0.005506925284862518,0.013480253517627716,,0.07822493463754654
ycb_video_000056_000564_01,0.023315148428082466,0.00042726771789602935,0.5193831324577332,0.5193831324577332,0.9666136503219604,0.9916486740112305,0.9996336698532104,1.0,1.0,0.011257980018854141,0.012057168409228325,0.009786514565348625,0.01328023336827755,,0.06108935549855232
ycb_video_000056_000619_00,0.008891124278306961,4.9143200158141553e-05,0.9832760095596313,0.9832760095596313,0.9998779296875,1.0,1.0,1.0,1.0,0.004487974569201469,0.004403149243444204,0.006032902747392654,0.004728987812995911,,0.0023168425541371107
ycb_video_000056_000911_00,0.01094753947108984,7.270779315149412e-05,0.9468778967857361,0.9468778967857361,1.0,1.0,1.0,1.0,1.0,0.005470347590744495,0.0054771918803453445,0.004957105033099651,0.006018413696438074,,0.004235366825014353
ycb_video_000056_000989_00,0.010983861982822418,7.236901728902012e-05,0.9528352618217468,0.9528352618217468,1.0,1.0,1.0,1.0,1.0,0.005502647254616022,0.005481215193867683,0.005358926951885223,0.005832990165799856,,0.004148701671510935
ycb_video_000056_001032_03,0.002777733141556382,5.3515318541030865e-06,1.0,1.0,1.0,1.0,1.0,1.0,1.0,0.0013792876852676272,0.001398445456288755,0.013332057744264603,0.001652360544539988,,0.002562572481110692
ycb_video_000056_001052_01,0.0098424032330513,7.05545608070679e-05,0.9297466278076172,0.9297466278076172,0.9998779296875,1.0,1.0,1.0,1.0,0.004213854670524597,0.005628548562526703,0.01188101526349783,0.006539562251418829,,0.008091618306934834
ycb_video_000056_001067_02,0.004690574482083321,1.4010500308359042e-05,0.999267041683197,0.999267041683197,1.0,1.0,1.0,1.0,1.0,0.0023368094116449356,0.0023537648376077414,0.00301895709708333,0.0025534022133797407,,0.005714672151952982
ycb_video_000056_001144_03,0.002923796186223626,5.5654800235060975e-06,1.0,1.0,1.0,1.0,1.0,1.0,1.0,0.0014101243577897549,0.0015136718284338713,0.020393529906868935,0.0017838005442172289,,0.002004957525059581
ycb_video_000056_001149_02,0.004862342961132526,1.4911749531165697e-05,0.9989001750946045,0.9989001750946045,1.0,1.0,1.0,1.0,1.0,0.002442718017846346,0.002419625176116824,0.0031077200546860695,0.0025491337291896343,,0.0018258268246427178
ycb_video_000057_000041_04,0.032193392515182495,0.0007417511660605669,0.2681857645511627,0.2681857645511627,0.9234018921852112,0.9897220134735107,0.9995114803314209,0.9995114803314209,1.0,0.016443397849798203,0.015749996528029442,0.013387921266257763,0.016376586630940437,,0.03219958022236824
ycb_video_000057_000060_04,0.036112941801548004,0.000893071002792567,0.20335038006305695,0.20335038006305695,0.8954373598098755,0.9783892631530762,0.9997557997703552,0.9998779296875,1.0,0.019342802464962006,0.016770139336586,0.015406839549541473,0.017512697726488113,,0.038855213671922684
ycb_video_000057_000164_00,0.02096484787762165,0.00027166036306880414,0.523439347743988,0.523439347743988,0.9985336661338806,0.9997557997703552,1.0,1.0,1.0,0.010629413649439812,0.010335434228181839,0.009093997068703175,0.010632402263581753,,0.013584951870143414
ycb_video_000057_000400_01,0.03947422653436661,0.0009495380218140781,0.13964800536632538,0.13964800536632538,0.8640840649604797,0.9954822063446045,1.0,1.0,1.0,0.019274307414889336,0.020199919119477272,0.01334754005074501,0.02049306407570839,,0.008394758217036724
ycb_video_000057_000426_04,0.026272248476743698,0.0004901040811091661,0.42627161741256714,0.42627161741256714,0.9528648257255554,0.9937650561332703,1.0,1.0,1.0,0.012817994691431522,0.013454252853989601,0.008220002986490726,0.014310532249510288,,0.023824572563171387
ycb_video_000057_000469_03,0.03791048377752304,0.0016912828432396054,0.24122408032417297,0.24122408032417297,0.8911983966827393,0.9667643308639526,0.9908844828605652,0.9943530559539795,1.0,0.020296094939112663,0.01761438697576523,0.007233552634716034,0.018261253833770752,,0.12077444791793823
ycb_video_000057_000484_00,0.05025984346866608,0.0015315169002860785,0.061616260558366776,0.061616260558366776,0.7051649689674377,0.9685413837432861,1.0,1.0,1.0,0.02556118741631508,0.02469865418970585,0.01825040578842163,0.024757519364356995,,0.02426612377166748
ycb_video_000057_000484_02,0.020541757345199585,0.0004564136324916035,0.5800533294677734,0.5800533294677734,0.9931170344352722,0.998288094997406,0.998288094997406,0.9985330104827881,1.0,0.011264372617006302,0.009277384728193283,0.021091483533382416,0.009776521474123001,,0.06857607513666153
ycb_video_000057_000546_02,0.015347117558121681,0.00018004457524511963,0.7814946174621582,0.7814946174621582,0.9976752996444702,0.999267041683197,0.9993892908096313,0.9998779296875,1.0,0.007659203838557005,0.007687914185225964,0.018072111532092094,0.008126542903482914,,0.053407300263643265
ycb_video_000057_000557_03,0.042191825807094574,0.0021097338758409023,0.2195177972316742,0.2195177972316742,0.850778341293335,0.9527181386947632,0.9899165034294128,0.9938589930534363,1.0,0.021805092692375183,0.02038673125207424,0.006423879414796829,0.02132057398557663,,0.1409595012664795
ycb_video_000057_000558_02,0.014727914705872536,0.00017203854804392904,0.8097612857818604,0.8097612857818604,0.9977979063987732,0.9991447925567627,0.9991447925567627,1.0,1.0,0.007277574855834246,0.007450339384377003,0.010832652449607849,0.008064214140176773,,0.05341041088104248
ycb_video_000057_000581_04,0.02322571910917759,0.00034692688495852053,0.4550330936908722,0.4550330936908722,0.9815672636032104,0.9993892908096313,1.0,1.0,1.0,0.011317865923047066,0.011907853186130524,0.009321227669715881,0.01275000162422657,,0.0022101402282714844
ycb_video_000057_000616_01,0.010926060378551483,7.340265437960625e-05,0.9437194466590881,0.9437194466590881,1.0,1.0,1.0,1.0,1.0,0.005289833061397076,0.00563622685149312,0.005282843019813299,0.006238218862563372,,0.004606445785611868
ycb_video_000057_000621_00,0.020445749163627625,0.00025755446404218674,0.5433250665664673,0.5433250665664673,0.9989012479782104,0.9998779296875,1.0,1.0,1.0,0.010262631811201572,0.010183116421103477,0.0086823096498847,0.01043675560504198,,0.005875190254300833
ycb_video_000057_000697_00,0.02075568586587906,0.0002664234198164195,0.5296394228935242,0.5296394228935242,0.9962078928947449,0.9998779296875,1.0,1.0,1.0,0.010605419985949993,0.010150265879929066,0.010137416422367096,0.010372471064329147,,0.006179829593747854
ycb_video_000057_000705_03,0.045048438012599945,0.002182625699788332,0.1930190771818161,0.1930190771818161,0.8104895949363708,0.9408232569694519,0.9887775182723999,0.9947232604026794,1.0,0.022783242166042328,0.022265193983912468,0.007407789118587971,0.023142734542489052,,0.13470600545406342
ycb_video_000057_000714_01,0.01071329228579998,7.151813770178705e-05,0.9467304348945618,0.9467304348945618,1.0,1.0,1.0,1.0,1.0,0.005212791264057159,0.005500501021742821,0.00521825673058629,0.0061015784740448,,0.004804432392120361
ycb_video_000057_000717_04,0.0224495567381382,0.00033453234937042,0.4996899366378784,0.4996899366378784,0.981200635433197,0.9991447925567627,1.0,1.0,1.0,0.010961993597447872,0.011487563140690327,0.008493882603943348,0.012145012617111206,,0.0062157511711120605
ycb_video_000057_000730_00,0.03234776481986046,0.000684314058162272,0.2325408011674881,0.2325408011674881,0.9458255767822266,0.9974299073219299,0.9998779296875,0.9998779296875,1.0,0.016529561951756477,0.01581820286810398,0.012782102450728416,0.016025187447667122,,0.10651594400405884
ycb_video_000057_000794_02,0.015366340056061745,0.00021918171842116863,0.791600227355957,0.791600227355957,0.9969388842582703,0.9975526332855225,0.998288094997406,1.0,1.0,0.007896322757005692,0.0074700177647173405,0.00907575897872448,0.0076623703353106976,,0.045117080211639404
ycb_video_000057_000857_01,0.00737548153847456,3.3083655580412596e-05,0.9971905946731567,0.9971905946731567,1.0,1.0,1.0,1.0,1.0,0.003605945035815239,0.003769536502659321,0.004870330914855003,0.004165527876466513,,0.0015171518316492438
ycb_video_000057_000895_04,0.029172159731388092,0.0006490929517894983,0.3737054765224457,0.3737054765224457,0.9255040287971497,0.9789491295814514,0.9998779296875,1.0,1.0,0.013477918691933155,0.015694240108132362,0.007113778498023748,0.017145751044154167,,0.017512818798422813
ycb_video_000057_000905_04,0.030235113576054573,0.0007082996889948845,0.36477383971214294,0.36477383971214294,0.9171509742736816,0.9783627390861511,0.9993892908096313,1.0,1.0,0.015070443972945213,0.01516466960310936,0.00745930103585124,0.016467701643705368,,0.01939447782933712
ycb_video_000057_000929_01,0.00792611762881279,3.9776939956936985e-05,0.9850971698760986,0.9850971698760986,1.0,1.0,1.0,1.0,1.0,0.0038243751041591167,0.004101742524653673,0.004430168308317661,0.004719743970781565,,0.0044509172439575195
ycb_video_000057_000931_02,0.016910769045352936,0.0002799471258185804,0.7370507717132568,0.7370507717132568,0.9957091808319092,0.9975526332855225,0.9979205131530762,0.9998779296875,1.0,0.009002480655908585,0.007908288389444351,0.007864278741180897,0.008479394018650055,,0.12533430755138397
ycb_video_000057_000997_03,0.0553034171462059,0.003723077941685915,0.21990516781806946,0.21990516781806946,0.7716277837753296,0.857271671295166,0.94093257188797,0.9977979063987732,1.0,0.019913794472813606,0.035389624536037445,0.009054508060216904,0.037421781569719315,,0.11569549888372421
ycb_video_000057_001051_01,0.007837468758225441,4.554754923447035e-05,0.9890097975730896,0.9890097975730896,0.9997557997703552,0.9997557997703552,0.9998779296875,1.0,1.0,0.003861685749143362,0.003975782543420792,0.005391610786318779,0.004560014232993126,,0.04735973849892616
ycb_video_000057_001058_02,0.0226823128759861,0.0009744795388542116,0.5233656764030457,0.5233656764030457,0.9848594069480896,0.9979205131530762,0.9984105825424194,0.999267041683197,0.999267041683197,0.011457113549113274,0.011225199326872826,0.007266110274940729,0.011768571101129055,,0.22403453290462494
ycb_video_000057_001068_02,0.025571782141923904,0.0017896092031151056,0.4802960455417633,0.4802960455417633,0.97627192735672,0.9937354326248169,0.9960784316062927,0.9976752996444702,0.9990224838256836,0.01433815248310566,0.011233629658818245,0.008027274161577225,0.01173044927418232,,0.2336733192205429
ycb_video_000057_001087_02,0.026401394978165627,0.0013676246162503958,0.4400017261505127,0.4400017261505127,0.9704344272613525,0.9974299073219299,0.9990224838256836,0.9990224838256836,0.9990224838256836,0.01341480016708374,0.012986594811081886,0.006932725198566914,0.013995031826198101,,0.21868516504764557
ycb_video_000057_001088_01,0.007674825377762318,3.692525206133723e-05,0.9908413290977478,0.9908413290977478,1.0,1.0,1.0,1.0,1.0,0.0037279517855495214,0.00394687382504344,0.009613903239369392,0.0044783116318285465,,0.001448164344765246
ycb_video_000057_001103_02,0.025187600404024124,0.0018724328838288784,0.4848330318927765,0.4848330318927765,0.9818634390830994,0.9964473843574524,0.9980430603027344,0.9981656074523926,0.9986554384231567,0.013167607598006725,0.012019993737339973,0.0071768625639379025,0.012678018771111965,,0.21675072610378265
ycb_video_000057_001113_04,0.026545856148004532,0.00048042458365671337,0.3834148347377777,0.3834148347377777,0.9592269659042358,0.9947466254234314,1.0,1.0,1.0,0.012701820582151413,0.013844036497175694,0.009035970084369183,0.014825765043497086,,0.006264577154070139
ycb_video_000057_001152_04,0.0315568782389164,0.000913391588255763,0.37431520223617554,0.37431520223617554,0.9106370210647583,0.95951247215271,0.995586097240448,1.0,1.0,0.01637529954314232,0.015181579627096653,0.007926891557872295,0.016368240118026733,,0.04193411394953728
ycb_video_000057_001197_04,0.039423324167728424,0.0011594579555094242,0.18047258257865906,0.18047258257865906,0.8550520539283752,0.9689944386482239,0.9997557997703552,0.9997557997703552,1.0,0.018693435937166214,0.02072988823056221,0.009768780320882797,0.021441735327243805,,0.07853081077337265
ycb_video_000057_001320_03,0.03352208808064461,0.0013644438004121184,0.302291601896286,0.302291601896286,0.9202295541763306,0.9832483530044556,0.9942296147346497,0.9949699640274048,1.0,0.016530241817235947,0.01699184626340866,0.007488664239645004,0.017898336052894592,,0.11173301935195923
ycb_video_000057_001328_02,0.03478837013244629,0.004665885586291552,0.31534722447395325,0.31534722447395325,0.9598734378814697,0.9911330342292786,0.9938589930534363,0.9944764971733093,0.9968160390853882,0.021154915913939476,0.013633455149829388,0.008157880045473576,0.014093651436269283,,0.2003890722990036
ycb_video_000057_001411_04,0.03489866480231285,0.0009726108983159065,0.24988186359405518,0.24988186359405518,0.8986721038818359,0.9698449969291687,0.9979205131530762,0.9998779296875,1.0,0.01782950386404991,0.01706916093826294,0.010507381521165371,0.017638085409998894,,0.0756063237786293
ycb_video_000057_001433_01,0.01000981591641903,6.482142634922639e-05,0.940539538860321,0.940539538860321,1.0,1.0,1.0,1.0,1.0,0.004630963783711195,0.005378852132707834,0.003336900845170021,0.006008920259773731,,0.006669516209512949
ycb_video_000057_001495_02,0.02556503377854824,0.002702623140066862,0.5234536528587341,0.5234536528587341,0.9851409792900085,0.9936118125915527,0.9945998787879944,0.9954628944396973,0.9976752996444702,0.015239061787724495,0.010325971990823746,0.006562808994203806,0.010705317370593548,,0.2340698093175888
ycb_video_000057_001533_03,0.0844452977180481,0.010880024172365665,0.07231979072093964,0.07231979072093964,0.6009507775306702,0.8171610832214355,0.9317327737808228,0.9637249708175659,1.0,0.032810695469379425,0.05163460224866867,0.010644059628248215,0.052918605506420135,,0.2140892595052719
ycb_video_000057_001689_02,0.04276552051305771,0.007087801583111286,0.3267629146575928,0.3267629146575928,0.8711344003677368,0.9619989395141602,0.990511417388916,0.992745578289032,0.9947232604026794,0.02554391138255596,0.017221607267856598,0.006605560891330242,0.017783479765057564,,0.20514871180057526
ycb_video_000057_001713_00,0.015268953517079353,0.00015642862126696855,0.7885439991950989,0.7885439991950989,0.9990224838256836,0.999267041683197,0.9997557997703552,1.0,1.0,0.00782622117549181,0.0074427323415875435,0.005990456324070692,0.007807909045368433,,0.03394531086087227
ycb_video_000057_001734_03,0.08053279668092728,0.007396291010081768,0.07071330398321152,0.07071330398321152,0.5636317729949951,0.7903547883033752,0.9217479825019836,0.9798640608787537,1.0,0.028314923867583275,0.05221787467598915,0.00940576009452343,0.05329443886876106,,0.16819126904010773
ycb_video_000057_001747_04,0.075345478951931,0.0060247378423810005,0.07827744632959366,0.07827744632959366,0.564177930355072,0.803153395652771,0.9483649134635925,0.9871414303779602,0.9998779296875,0.040408458560705185,0.034937020391225815,0.009638357907533646,0.035926707088947296,,0.14371812343597412
ycb_video_000057_001753_02,0.0349869579076767,0.0018267908599227667,0.3272623121738434,0.3272623121738434,0.869798481464386,0.9830713272094727,0.9968160390853882,0.9979205131530762,0.999267041683197,0.017217686399817467,0.01776927150785923,0.005435796454548836,0.018498705700039864,,0.1823890656232834
ycb_video_000057_001820_00,0.017645224928855896,0.00018731494492385536,0.6488406658172607,0.6488406658172607,0.9996336698532104,1.0,1.0,1.0,1.0,0.008977130055427551,0.008668094873428345,0.005526113789528608,0.009094339795410633,,0.004138559103012085
ycb_video_000057_001821_00,0.062295716255903244,0.002388848690316081,0.03597722575068474,0.03597722575068474,0.5375638604164124,0.8899341821670532,0.9997557997703552,1.0,1.0,0.03187168017029762,0.03042403608560562,0.016733529046177864,0.03053128346800804,,0.013449092395603657
ycb_video_000057_001842_01,0.008786729536950588,4.901473948848434e-05,0.9771673679351807,0.9771673679351807,1.0,1.0,1.0,1.0,1.0,0.004306064918637276,0.0044806646183133125,0.00663065817207098,0.005064882338047028,,0.0039743236266076565
ycb_video_000057_001842_04,0.21390300989151,0.056091371923685074,0.02179904468357563,0.02179904468357563,0.23232543468475342,0.45829296112060547,0.6512954235076904,0.8008822202682495,0.9853851795196533,0.04935670271515846,0.16454631090164185,0.011187023483216763,0.1656535118818283,,0.49243107438087463
ycb_video_000057_001845_04,0.1243511289358139,0.01777336560189724,0.06546889245510101,0.06546889245510101,0.4397076964378357,0.6127069592475891,0.7743780016899109,0.9062156677246094,1.0,0.033052995800971985,0.09129813313484192,0.009661500342190266,0.09328605234622955,,0.23655898869037628
ycb_video_000058_000114_01,0.049576856195926666,0.0015464313328266144,0.07674942910671234,0.07674942910671234,0.7148033380508423,0.970823347568512,0.9975526332855225,1.0,1.0,0.024135485291481018,0.025441372767090797,0.012965239584445953,0.025867847725749016,,0.03544585034251213
ycb_video_000058_000153_01,0.02146226540207863,0.0003203450469300151,0.5070237517356873,0.5070237517356873,0.9931631088256836,0.9971844553947449,0.9998779296875,0.9998779296875,1.0,0.010394882410764694,0.011067382991313934,0.0066909221932291985,0.01186041347682476,,0.0685410127043724
ycb_video_000058_000187_03,0.010295773856341839,6.995511648710817e-05,0.9411182403564453,0.9411182403564453,0.9998779296875,1.0,1.0,1.0,1.0,0.004813306499272585,0.005482467357069254,0.006991615518927574,0.0058082700707018375,,0.0068352967500686646
ycb_video_000058_000216_02,0.027028478682041168,0.0006005011382512748,0.32650670409202576,0.32650670409202576,0.9862060546875,0.999267041683197,0.9995114803314209,0.9995114803314209,0.9998779296875,0.013586383312940598,0.013442094437777996,0.00968930684030056,0.013897501863539219,,0.17711539566516876
ycb_video_000058_000311_00,0.0381319560110569,0.0009563416242599487,0.17211775481700897,0.17211775481700897,0.8738694787025452,0.9814131855964661,1.0,1.0,1.0,0.017799008637666702,0.020332947373390198,0.009465659037232399,0.021174483001232147,,0.023049572482705116
ycb_video_000058_000318_01,0.01895233243703842,0.0002286594535689801,0.6070876121520996,0.6070876121520996,0.9949746131896973,0.9989001750946045,1.0,1.0,1.0,0.009454723447561264,0.009497608989477158,0.007806484587490559,0.010115002281963825,,0.015324960462749004
ycb_video_000058_000413_03,0.009734047576785088,6.049055082257837e-05,0.95719313621521,0.95719313621521,1.0,1.0,1.0,1.0,1.0,0.004582029767334461,0.005152017809450626,0.008401702158153057,0.005491625517606735,,0.004481648560613394
ycb_video_000058_000450_02,0.017124556005001068,0.00018436703248880804,0.6864601373672485,0.6864601373672485,0.9997557997703552,0.9998779296875,0.9998779296875,1.0,1.0,0.008451058529317379,0.008673496544361115,0.006679872050881386,0.009284298866987228,,0.05807971954345703
ycb_video_000058_000607_02,0.016874464228749275,0.00018092000391334295,0.6937389969825745,0.6937389969825745,0.9996337890625,0.9998779296875,1.0,1.0,1.0,0.00817844644188881,0.008696017786860466,0.006097066216170788,0.009878587909042835,,0.03137778118252754
ycb_video_000058_000644_01,0.015986919403076172,0.00016481365310028195,0.7546951770782471,0.7546951770782471,0.9971857666969299,0.9993892908096313,1.0,1.0,1.0,0.007812931202352047,0.0081739891320467,0.011258420534431934,0.008744665421545506,,0.008356194011867046
ycb_video_000058_000649_03,0.008075328543782234,4.2017127270810306e-05,0.9795376062393188,0.9795376062393188,1.0,1.0,1.0,1.0,1.0,0.0038195024244487286,0.004255826584994793,0.007391688413918018,0.004561278969049454,,0.0035942692775279284
ycb_video_000058_000651_02,0.016753144562244415,0.0001780008606147021,0.709383487701416,0.709383487701416,0.999755859375,0.9998779296875,0.9998779296875,1.0,1.0,0.008258050307631493,0.008495093323290348,0.006615056190639734,0.00939023308455944,,0.04477502033114433
ycb_video_000058_000674_00,0.010186484083533287,6.462873716372997e-05,0.9576292634010315,0.9576292634010315,1.0,1.0,1.0,1.0,1.0,0.004903536755591631,0.005282947793602943,0.004954859614372253,0.005854983814060688,,0.005089327692985535
ycb_video_000058_000738_03,0.009533220902085304,5.8505091146798804e-05,0.9596652984619141,0.9596652984619141,1.0,1.0,1.0,1.0,1.0,0.004540374502539635,0.004992845933884382,0.008663900196552277,0.005399917718023062,,0.004916658159345388
ycb_video_000058_000933_02,0.028061216697096825,0.0005434898776002228,0.3069764971733093,0.3069764971733093,0.975462019443512,0.9993892908096313,0.9998779296875,0.9998779296875,0.9998779296875,0.013982589356601238,0.014078627340495586,0.00911103654652834,0.014635393396019936,,0.13993537425994873
ycb_video_000058_000980_03,0.00984465517103672,6.568906246684492e-05,0.9572569727897644,0.9572569727897644,0.9997557997703552,0.9997557997703552,1.0,1.0,1.0,0.004715378861874342,0.005129276309162378,0.005311504937708378,0.005878662224858999,,0.023653989657759666
ycb_video_000058_001161_00,0.008104270324110985,4.060654100612737e-05,0.9920636415481567,0.9920636415481567,1.0,1.0,1.0,1.0,1.0,0.003918617498129606,0.004185653291642666,0.0060570500791072845,0.004738240968436003,,0.002503305673599243
ycb_video_000058_001187_00,0.040459997951984406,0.0010292892111465335,0.14340923726558685,0.14340923726558685,0.8464154601097107,0.9885166883468628,0.9997557997703552,1.0,1.0,0.01974794827401638,0.020712049677968025,0.012535055167973042,0.02117912285029888,,0.016513684764504433
ycb_video_000058_001378_03,0.006725206971168518,2.9753055059700273e-05,0.9908024668693542,0.9908024668693542,1.0,1.0,1.0,1.0,1.0,0.0031435841228812933,0.003581622615456581,0.003020991338416934,0.003720217617228627,,0.0032892178278416395
ycb_video_000058_001381_01,0.025888768956065178,0.00042524124728515744,0.3754529058933258,0.3754529058933258,0.9819116592407227,0.9979205131530762,1.0,1.0,1.0,0.012527288869023323,0.013361480087041855,0.010410922579467297,0.01421122346073389,,0.0033359527587890625
ycb_video_000059_000042_02,0.026783782988786697,0.00044991562026552856,0.3340785801410675,0.3340785801410675,0.9760116934776306,0.9989001750946045,1.0,1.0,1.0,0.012980494648218155,0.013803287409245968,0.011015426367521286,0.014262770302593708,,0.014261186122894287
ycb_video_000059_000042_03,0.09431622922420502,0.008976162411272526,0.03210402652621269,0.03210402652621269,0.42450523376464844,0.6925652623176575,0.9214441776275635,0.9866402745246887,0.9973072409629822,0.05130649358034134,0.04300973564386368,0.010341173969209194,0.043386731296777725,,0.2276442050933838
ycb_video_000059_000146_05,0.03207117319107056,0.0008730883128009737,0.35887980461120605,0.35887980461120605,0.8961710333824158,0.9603931903839111,0.9990224838256836,1.0,1.0,0.013988794758915901,0.018082378432154655,0.016006790101528168,0.01920338347554207,,0.037421923130750656
ycb_video_000059_000172_04,0.013055756688117981,0.00011232571705477312,0.8686063289642334,0.8686063289642334,0.9985330104827881,1.0,1.0,1.0,1.0,0.0067552621476352215,0.0063004945404827595,0.012445785105228424,0.006652196869254112,,0.005059937480837107
ycb_video_000059_000175_02,0.023053694516420364,0.00032978132367134094,0.4493600130081177,0.4493600130081177,0.9946288466453552,0.9997557997703552,0.9998779296875,1.0,1.0,0.011304852552711964,0.011748841032385826,0.018989501520991325,0.012319295667111874,,0.009422232396900654
ycb_video_000059_000219_00,0.022403815761208534,0.00044200115371495485,0.6032907366752625,0.6032907366752625,0.9511656165122986,0.9902625679969788,0.9996336698532104,1.0,1.0,0.01113858912140131,0.011265226639807224,0.0164517629891634,0.012764643877744675,,0.029760658740997314
ycb_video_000059_000322_05,0.03635159134864807,0.0015803708229213953,0.40246275067329407,0.40246275067329407,0.8716090321540833,0.9252865314483643,0.9814745783805847,1.0,1.0,0.012599417939782143,0.02375217154622078,0.013792374171316624,0.0252444539219141,,0.08028730005025864
ycb_video_000059_000323_03,0.0679347813129425,0.004258523695170879,0.08287118375301361,0.08287118375301361,0.607379138469696,0.8313760757446289,0.9582433700561523,0.9948466420173645,1.0,0.037177540361881256,0.03075723722577095,0.014100824482738972,0.030929546803236008,,0.11378423124551773
ycb_video_000059_000326_01,0.013348259031772614,0.00010880405898205936,0.8632643818855286,0.8632643818855286,0.9997557997703552,0.9997557997703552,1.0,1.0,1.0,0.006596054416149855,0.006752205081284046,0.007962899282574654,0.007210233248770237,,0.01099136471748352
ycb_video_000059_000360_05,0.03542506694793701,0.0014776611933484674,0.39990583062171936,0.39990583062171936,0.8788090944290161,0.9281970858573914,0.9821245670318604,1.0,1.0,0.01273435540497303,0.022690709680318832,0.007577261887490749,0.024672165513038635,,0.09626927971839905
ycb_video_000059_000476_02,0.028462516143918037,0.0005083283176645637,0.3180325925350189,0.3180325925350189,0.9702060222625732,0.9990224838256836,1.0,1.0,1.0,0.014111889526247978,0.01435062661767006,0.01628177799284458,0.014716126956045628,,0.019684910774230957
ycb_video_000059_000502_03,0.019109409302473068,0.0002510705089662224,0.602340042591095,0.602340042591095,0.9980466365814209,0.9990224838256836,0.9991447925567627,0.9998779296875,1.0,0.009375715628266335,0.009733693674206734,0.006599125452339649,0.010281494818627834,,0.020651618018746376
ycb_video_000059_000564_05,0.030715133994817734,0.0008508025202900171,0.2694242298603058,0.2694242298603058,0.950300931930542,0.9924978613853455,0.9971844553947449,0.9979205131530762,1.0,0.016543813049793243,0.014171321876347065,0.009196517057716846,0.01453610509634018,,0.09270894527435303
ycb_video_000059_000569_05,0.02959151193499565,0.0006362405838444829,0.2986231744289398,0.2986231744289398,0.947314441204071,0.994106113910675,0.9990224838256836,0.9996336698532104,1.0,0.015446825884282589,0.014144685119390488,0.009188455529510975,0.01442636176943779,,0.10882190614938736
ycb_video_000059_000575_00,0.017388302832841873,0.0001920973154483363,0.6793819665908813,0.6793819665908813,0.9976803064346313,0.9997557997703552,1.0,1.0,1.0,0.008417817763984203,0.008970486000180244,0.012386578135192394,0.009653834626078606,,0.007734348531812429
ycb_video_000059_000588_01,0.013537852093577385,0.00010977133933920413,0.8618250489234924,0.8618250489234924,0.9998779296875,1.0,1.0,1.0,1.0,0.006739577744156122,0.00679827481508255,0.01059204712510109,0.007160189561545849,,0.005930026527494192
ycb_video_000059_000615_05,0.031666770577430725,0.0007315916009247303,0.2659532129764557,0.2659532129764557,0.9486213326454163,0.9962014555931091,0.998288094997406,0.9995114803314209,1.0,0.016780657693743706,0.014886113815009594,0.00959387980401516,0.015237689018249512,,0.08610192686319351
ycb_video_000059_000660_04,0.0391697995364666,0.0010302200680598617,0.14428049325942993,0.14428049325942993,0.8784851431846619,0.9865635633468628,0.9987778067588806,0.9995114803314209,1.0,0.019259940832853317,0.01990985870361328,0.012171137146651745,0.020415453240275383,,0.012415130622684956
ycb_video_000059_000746_01,0.013844335451722145,0.00011770616401918232,0.8393087983131409,0.8393087983131409,0.9998779296875,0.9998779296875,1.0,1.0,1.0,0.006827946752309799,0.007016389165073633,0.01068588811904192,0.007475060410797596,,0.0148784713819623
ycb_video_000059_000806_01,0.013748123310506344,0.00011500644905027002,0.8480483293533325,0.8480483293533325,1.0,1.0,1.0,1.0,1.0,0.006840751506388187,0.006907371804118156,0.0056679812259972095,0.0073486873880028725,,0.004451096057891846
ycb_video_000059_000833_03,0.019627321511507034,0.0002535735839046538,0.6007838249206543,0.6007838249206543,0.9984123706817627,0.9991447925567627,0.9998779296875,1.0,1.0,0.0096160639077425,0.010011257603764534,0.008449889719486237,0.010697740130126476,,0.009873668663203716
ycb_video_000059_000862_01,0.014123553410172462,0.0001227560278493911,0.8318729996681213,0.8318729996681213,0.9998779296875,0.9998779296875,0.9998779296875,1.0,1.0,0.007013462018221617,0.007110091391950846,0.0070130424574017525,0.007439219392836094,,0.02383553981781006
ycb_video_000059_000916_05,0.03127564862370491,0.001095101237297058,0.304963082075119,0.304963082075119,0.9533441066741943,0.991779088973999,0.9960784316062927,0.9965702891349792,1.0,0.016773466020822525,0.014502182602882385,0.010938079096376896,0.014845096506178379,,0.10337680578231812
ycb_video_000059_000935_05,0.03230944275856018,0.0011700436007231474,0.3015882670879364,0.3015882670879364,0.9377403855323792,0.9906755089759827,0.9949699640274048,0.9968160390853882,1.0,0.017333514988422394,0.014975926838815212,0.011234983801841736,0.015285326167941093,,0.11269411444664001
ycb_video_000059_001177_05,0.031985409557819366,0.0007606702856719494,0.26518189907073975,0.26518189907073975,0.9320505857467651,0.9944905042648315,0.9989001750946045,0.9993892908096313,1.0,0.015984073281288147,0.01600133627653122,0.011149462312459946,0.01639435812830925,,0.1072440817952156
ycb_video_000059_001321_01,0.056920379400253296,0.0021679229103028774,0.059201836585998535,0.059201836585998535,0.6472587585449219,0.9026069641113281,0.9970703125,1.0,1.0,0.028064895421266556,0.02885548211634159,0.016935057938098907,0.029277540743350983,,0.03443225100636482
ycb_video_000059_001343_05,0.03705208748579025,0.0009378727991133928,0.19389590620994568,0.19389590620994568,0.8730334639549255,0.9898587465286255,0.999267041683197,0.9998779296875,1.0,0.01854870282113552,0.018503384664654732,0.012560463510453701,0.01883693039417267,,0.15400831401348114
ycb_video_000059_001345_03,0.02064787596464157,0.00026872107991948724,0.545823335647583,0.545823335647583,0.9945061206817627,1.0,1.0,1.0,1.0,0.010222959332168102,0.010424916632473469,0.00706646591424942,0.011127380654215813,,0.00910003948956728
ycb_video_000059_001392_01,0.05559343844652176,0.0019187619909644127,0.04943576455116272,0.04943576455116272,0.6368323564529419,0.9332079887390137,0.99951171875,1.0,1.0,0.027618518099188805,0.027974922209978104,0.01820533163845539,0.02818237990140915,,0.03135983273386955
ycb_video_000059_001410_03,0.018706006929278374,0.00021797060617245734,0.6211751103401184,0.6211751103401184,0.9984123706817627,1.0,1.0,1.0,1.0,0.009205399081110954,0.00950060784816742,0.006157251540571451,0.010311698541045189,,0.007327804807573557
ycb_video_000059_001459_00,0.07325021922588348,0.004349244758486748,0.057579945772886276,0.057579945772886276,0.5243035554885864,0.7868934273719788,0.9629716873168945,0.9974299073219299,1.0,0.036364875733852386,0.036885347217321396,0.009310656227171421,0.037581928074359894,,0.12612535059452057
ycb_video_000059_001494_00,0.050378404557704926,0.001643671072088182,0.08947737514972687,0.08947737514972687,0.7099355459213257,0.9462267160415649,0.9989001750946045,1.0,1.0,0.02391081675887108,0.026467587798833847,0.012556679546833038,0.027047019451856613,,0.027190208435058594
ycb_video_000059_001614_04,0.012079334817826748,9.52591362874955e-05,0.8857473731040955,0.8857473731040955,1.0,1.0,1.0,1.0,1.0,0.005802016705274582,0.006277318112552166,0.0032104176934808493,0.006939979270100594,,0.006157666444778442
ycb_video_000059_001617_03,0.021498002111911774,0.0003276304923929274,0.5778335928916931,0.5778335928916931,0.9802612066268921,0.9997557997703552,1.0,1.0,1.0,0.010643196292221546,0.010854804888367653,0.007380131632089615,0.012057854793965816,,0.009558956138789654
ycb_video_000059_001658_01,0.014580312184989452,0.00013206986477598548,0.8144294023513794,0.8144294023513794,1.0,1.0,1.0,1.0,1.0,0.007281815633177757,0.007298496551811695,0.006848069839179516,0.007723954506218433,,0.004310170654207468
ycb_video_000059_001664_02,0.03434448316693306,0.0007573075126856565,0.19907504320144653,0.19907504320144653,0.9307617545127869,0.9984130859375,0.9997557997703552,0.9998779296875,1.0,0.01712872087955475,0.01721576228737831,0.011221710592508316,0.017817281186580658,,0.10742159932851791
ycb_video_000059_001695_01,0.05779026076197624,0.0021343843545764685,0.05211001634597778,0.05211001634597778,0.6112928986549377,0.9037604928016663,0.9993892908096313,1.0,1.0,0.029342539608478546,0.028447721153497696,0.016593733802437782,0.028790876269340515,,0.03679184243083
ycb_video_000059_001733_02,0.030018653720617294,0.0006202455842867494,0.25368064641952515,0.25368064641952515,0.9626375436782837,0.9990224838256836,0.9995114803314209,0.9996336698532104,1.0,0.015278801321983337,0.014739853329956532,0.009925683960318565,0.015115049667656422,,0.12428069114685059
ycb_video_000059_001782_03,0.060584064573049545,0.0024049575440585613,0.05554172396659851,0.05554172396659851,0.5745339393615723,0.8780248761177063,0.9974347352981567,1.0,1.0,0.029072027653455734,0.03151203691959381,0.01622002385556698,0.031785767525434494,,0.013500611297786236
ycb_video_000059_001783_02,0.028557628393173218,0.000999900745227933,0.301236093044281,0.301236093044281,0.9865692853927612,0.9979205131530762,0.9980430603027344,0.998288094997406,1.0,0.01487228088080883,0.013685347512364388,0.00980934128165245,0.014106204733252525,,0.12364860624074936
ycb_video_000059_001814_02,0.029546599835157394,0.0007847503293305635,0.26867109537124634,0.26867109537124634,0.971679151058197,0.9987778067588806,0.9990224838256836,0.9990224838256836,1.0,0.015111524611711502,0.014435076154768467,0.009535353630781174,0.014822696335613728,,0.13072644174098969
ycb_video_000059_001820_05,0.05589671432971954,0.0026328377425670624,0.12829577922821045,0.12829577922821045,0.6969311237335205,0.8726387619972229,0.9773803949356079,0.9997557997703552,1.0,0.0266762375831604,0.029220476746559143,0.013369741849601269,0.02994215115904808,,0.05329032614827156
ycb_video_000059_001822_04,0.04782520979642868,0.001550954533740878,0.1112048476934433,0.1112048476934433,0.7545392513275146,0.9443796277046204,0.9980453848838806,1.0,1.0,0.02253822050988674,0.02528698742389679,0.010404545813798904,0.025893447920680046,,0.037931691855192184
